RT,SN,SYMBOL,TYPE,DQG,DQ3,TP
20,1,20MICRONS,EQ,38815,28182,72.61
20,2,21STCENMGM,EQ,3964,3952,99.70
20,3,3IINFOTECH,EQ,1346007,692008,51.41
20,4,3MINDIA,EQ,3926,3010,76.67
20,5,5PAISA,EQ,3331,2568,77.09
20,6,63MOONS,EQ,124730,52580,42.16
20,7,8KMILES,EQ,72824,34718,47.67
20,8,A2ZINFRA,EQ,216501,114353,52.82
20,9,AARTIDRUGS,EQ,10839,6617,61.05
20,10,AARTIIND,EQ,22425,13346,59.51
20,11,AARVEEDEN,EQ,154810,52994,34.23
20,12,AARVI,SM,4000,4000,100.00
20,13,ABAN,EQ,451906,109760,24.29
20,14,ABB,EQ,402074,211383,52.57
20,15,ABBOTINDIA,EQ,7621,5154,67.63
20,16,ABCAPITAL,EQ,814444,466155,57.24
20,17,ABFRL,EQ,1314494,306621,23.33
20,18,ACC,EQ,1068497,351547,32.90
20,19,ACCELYA,EQ,4432,3180,71.75
20,20,ACE,EQ,168099,101909,60.62
20,21,ADANIENT,EQ,22079310,4319431,19.56
20,22,ADANIGREEN,EQ,2223954,866272,38.95
20,23,ADANIPORTS,EQ,1592878,433124,27.19
20,24,ADANIPOWER,EQ,25921741,8449114,32.59
20,25,ADANITRANS,EQ,2501968,1126961,45.04
20,26,ADFFOODS,EQ,29908,16926,56.59
20,27,ADHUNIKIND,EQ,4400,740,16.82
20,28,ADLABS,EQ,776078,213949,27.57
20,29,ADORWELD,EQ,5495,4481,81.55
20,30,ADSL,EQ,10322,6861,66.47
20,31,ADVANIHOTR,EQ,14583,11425,78.34
20,32,ADVENZYMES,EQ,99033,57688,58.25
20,33,AEGISCHEM,EQ,85328,48569,56.92
20,34,AFL,EQ,341878,134796,39.43
20,35,AGARIND,EQ,1010,732,72.48
20,36,AGCNET,EQ,1463,1152,78.74
20,37,AGLSL,EQ,1039,579,55.73
20,38,AGRITECH,EQ,33749,21310,63.14
20,39,AGROPHOS,SM,30000,6000,20.00
20,40,AHLEAST,EQ,4820,3866,80.21
20,41,AHLUCONT,EQ,2778,1740,62.63
20,42,AHLWEST,EQ,317,166,52.37
20,43,AIAENG,EQ,33292,18864,56.66
20,44,AIFL,EQ,110425,19838,17.97
20,45,AIRAN,SM,5000,5000,100.00
20,46,AIROLAM,SM,27000,24000,88.89
20,47,AISL,SM,2400,2400,100.00
20,48,AJANTPHARM,EQ,600133,89102,14.85
20,49,AJMERA,BL,1683009,1683009,100.00
20,50,AJMERA,EQ,27160,16027,59.01
20,51,AJOONI,SM,4000,4000,100.00
20,52,AKSHARCHEM,EQ,7677,4782,62.29
20,53,AKSHOPTFBR,EQ,722081,353744,48.99
20,54,AKZOINDIA,EQ,7289,6058,83.11
20,55,ALANKIT,EQ,1094035,194144,17.75
20,56,ALBERTDAVD,EQ,12980,7330,56.47
20,57,ALBK,EQ,2471579,310448,12.56
20,58,ALEMBICLTD,EQ,291857,128804,44.13
20,59,ALICON,EQ,1007,669,66.43
20,60,ALKALI,EQ,5538,3480,62.84
20,61,ALKEM,EQ,91979,59023,64.17
20,62,ALKYLAMINE,EQ,2724,2439,89.54
20,63,ALLCARGO,EQ,321596,116796,36.32
20,64,ALLSEC,EQ,3424,1895,55.34
20,65,ALPA,EQ,35674,21635,60.65
20,66,ALPHAGEO,EQ,15059,10579,70.25
20,67,AMARAJABAT,EQ,1820624,332467,18.26
20,68,AMBER,EQ,6222,3887,62.47
20,69,AMBIKCO,EQ,1547,1156,74.73
20,70,AMBUJACEM,EQ,6380758,2467672,38.67
20,71,AMDIND,EQ,10901,10216,93.72
20,72,AMJLAND,EQ,33130,19109,57.68
20,73,AMRUTANJAN,EQ,34335,29784,86.75
20,74,ANANTRAJ,EQ,663397,400237,60.33
20,75,ANDHRABANK,EQ,2833245,379760,13.40
20,76,ANDHRACEMT,EQ,117071,82729,70.67
20,77,ANDHRSUGAR,EQ,15736,11270,71.62
20,78,ANIKINDS,EQ,5351,2126,39.73
20,79,ANSALAPI,EQ,40100,23151,57.73
20,80,ANSALHSG,EQ,25500,20506,80.42
20,81,APARINDS,EQ,5564,4515,81.15
20,82,APCL,EQ,14454,6893,47.69
20,83,APCOTEXIND,EQ,4357,2319,53.22
20,84,APEX,EQ,113022,42240,37.37
20,85,APLAPOLLO,EQ,8470,6066,71.62
20,86,APLLTD,EQ,33323,12788,38.38
20,87,APOLLO,EQ,69840,25919,37.11
20,88,APOLLOHOSP,EQ,1506268,209422,13.90
20,89,APOLLOTYRE,EQ,6870652,1905940,27.74
20,90,APOLSINHOT,EQ,1178,915,77.67
20,91,APTECHT,EQ,584615,154269,26.39
20,92,ARCHIDPLY,EQ,18793,11454,60.95
20,93,ARCHIES,EQ,50628,32361,63.92
20,94,ARIES,EQ,198030,44049,22.24
20,95,ARIHANTSUP,EQ,41026,8849,21.57
20,96,ARMANFIN,EQ,11537,8523,73.88
20,97,AROGRANITE,EQ,21128,9852,46.63
20,98,ARROWGREEN,EQ,9214,7359,79.87
20,99,ARROWTEX,EQ,4648,2666,57.36
20,100,ARSHIYA,EQ,13039,7329,56.21
20,101,ARVEE,SM,4000,0,0.00
20,102,ARVIND,EQ,1836142,175307,9.55
20,103,ARVSMART,EQ,13584,8070,59.41
20,104,ASAHIINDIA,EQ,5790,3590,62.00
20,105,ASAHISONG,EQ,2871,2455,85.51
20,106,ASAL,EQ,11311,6323,55.90
20,107,ASHAPURMIN,EQ,322143,117741,36.55
20,108,ASHIANA,EQ,26544,19385,73.03
20,109,ASHIMASYN,EQ,43169,24710,57.24
20,110,ASHOKA,EQ,300062,262825,87.59
20,111,ASHOKLEY,EQ,10482675,2682270,25.59
20,112,ASIANHOTNR,EQ,3388,2119,62.54
20,113,ASIANPAINT,EQ,1520772,933946,61.41
20,114,ASIANTILES,EQ,854167,493716,57.80
20,115,ASLIND,SM,12000,0,0.00
20,116,ASPINWALL,EQ,1439,1286,89.37
20,117,ASTEC,EQ,14573,10675,73.25
20,118,ASTERDM,EQ,61772,44688,72.34
20,119,ASTRAL,EQ,21641,14724,68.04
20,120,ASTRAMICRO,EQ,132402,49209,37.17
20,121,ASTRAZEN,EQ,39969,12416,31.06
20,122,ASTRON,EQ,102181,42268,41.37
20,123,ATFL,EQ,6154,5279,85.78
20,124,ATLANTA,EQ,85686,45748,53.39
20,125,ATUL,EQ,52932,50598,95.59
20,126,ATULAUTO,EQ,10576,7690,72.71
20,127,AUBANK,EQ,377889,247135,65.40
20,128,AUROPHARMA,EQ,3773460,1298263,34.41
20,129,AUSOMENT,EQ,41842,20977,50.13
20,130,AUTOAXLES,EQ,246641,204395,82.87
20,131,AUTOIND,EQ,25973,10068,38.76
20,132,AUTOLITIND,EQ,6083,4621,75.97
20,133,AVADHSUGAR,EQ,20001,10273,51.36
20,134,AVANTIFEED,EQ,323420,137086,42.39
20,135,AVONMPL,SM,8000,6000,75.00
20,136,AVSL,SM,6000,6000,100.00
20,137,AVTNPL,EQ,61476,37164,60.45
20,138,AXISBANK,EQ,15522297,8727671,56.23
20,139,AXISCADES,EQ,68057,33707,49.53
20,140,AXISGOLD,EQ,51,45,88.24
20,141,AXISNIFTY,EQ,86,76,88.37
20,142,AYMSYNTEX,EQ,25166,19563,77.74
20,143,BAFNAPHARM,EQ,16458,12065,73.31
20,144,BAGFILMS,EQ,2639016,1367019,51.80
20,145,BAJAJ-AUTO,EQ,463379,165176,35.65
20,146,BAJAJCORP,EQ,11275,7423,65.84
20,147,BAJAJELEC,EQ,242162,87081,35.96
20,148,BAJAJFINSV,EQ,144611,44365,30.68
20,149,BAJAJHIND,EQ,670186,440523,65.73
20,150,BAJAJHLDNG,EQ,10182,5693,55.91
20,151,BAJFINANCE,EQ,951549,296876,31.20
20,152,BALAJITELE,EQ,94276,56165,59.58
20,153,BALAMINES,EQ,16395,7880,48.06
20,154,BALKRISHNA,EQ,14181,9087,64.08
20,155,BALKRISIND,EQ,549076,168087,30.61
20,156,BALLARPUR,EQ,648935,376793,58.06
20,157,BALMLAWRIE,EQ,107873,84224,78.08
20,158,BALPHARMA,EQ,136522,62726,45.95
20,159,BALRAMCHIN,EQ,1942098,354898,18.27
20,160,BANARBEADS,EQ,1180,919,77.88
20,161,BANARISUG,EQ,81,55,67.90
20,162,BANCOINDIA,EQ,115767,50946,44.01
20,163,BANDHANBNK,EQ,589147,287917,48.87
20,164,BANG,EQ,19245,10121,52.59
20,165,BANKBARODA,EQ,16772616,1824767,10.88
20,166,BANKBEES,EQ,31708,30482,96.13
20,167,BANKINDIA,EQ,6258726,628190,10.04
20,168,BANSAL,SM,84000,51000,60.71
20,169,BANSWRAS,EQ,418,336,80.38
20,170,BARTRONICS,EQ,14914,10874,72.91
20,171,BASF,EQ,6714,4036,60.11
20,172,BASML,EQ,618,430,69.58
20,173,BATAINDIA,EQ,746840,218989,29.32
20,174,BAYERCROP,EQ,9268,5392,58.18
20,175,BBL,EQ,10773,5508,51.13
20,176,BBTC,EQ,583713,134941,23.12
20,177,BDL,EQ,13619,9434,69.27
20,178,BEARDSELL,EQ,2095,1957,93.41
20,179,BEDMUTHA,EQ,4625,1943,42.01
20,180,BEL,EQ,4917888,1490953,30.32
20,181,BEML,EQ,1525686,164577,10.79
20,182,BEPL,EQ,827633,229091,27.68
20,183,BERGEPAINT,EQ,1349602,304855,22.59
20,184,BETA,SM,42400,42400,100.00
20,185,BFINVEST,EQ,328207,74077,22.57
20,186,BFUTILITIE,EQ,318494,60014,18.84
20,187,BGRENERGY,EQ,154454,99724,64.57
20,188,BHAGERIA,EQ,16626,11348,68.25
20,189,BHAGYAPROP,EQ,4714,3072,65.17
20,190,BHANDARI,EQ,151628,117337,77.38
20,191,BHARATFIN,EQ,402415,318887,79.24
20,192,BHARATFORG,EQ,602337,140750,23.37
20,193,BHARATGEAR,EQ,21343,14893,69.78
20,194,BHARATRAS,EQ,1478,925,62.58
20,195,BHARATWIRE,EQ,49776,27039,54.32
20,196,BHARTIARTL,EQ,3110530,1056460,33.96
20,197,BHEL,EQ,5001773,1382634,27.64
20,198,BHUSANSTL,EQ,1043352,374872,35.93
20,199,BIGBLOC,EQ,3529,2770,78.49
20,200,BIL,EQ,27483,20067,73.02
20,201,BINANIIND,EQ,77612,38075,49.06
20,202,BINDALAGRO,EQ,18840,14545,77.20
20,203,BIOCON,EQ,2213334,525262,23.73
20,204,BIRLACABLE,EQ,916690,322018,35.13
20,205,BIRLACORPN,EQ,60469,15189,25.12
20,206,BIRLAMONEY,EQ,371517,101051,27.20
20,207,BKMINDST,EQ,3963,3481,87.84
20,208,BLBLIMITED,EQ,69978,65378,93.43
20,209,BLISSGVS,EQ,132341,34440,26.02
20,210,BLKASHYAP,EQ,103790,70051,67.49
20,211,BLS,EQ,60442,33892,56.07
20,212,BLUEBLENDS,EQ,11046,7952,71.99
20,213,BLUEDART,EQ,788,501,63.58
20,214,BLUESTARCO,EQ,16476,8827,53.57
20,215,BODALCHEM,EQ,140261,89914,64.10
20,216,BOROSIL,EQ,168790,78924,46.76
20,217,BOSCHLTD,EQ,6652,3980,59.83
20,218,BPCL,EQ,5566455,2751840,49.44
20,219,BPL,EQ,185192,39292,21.22
20,220,BRIGADE,EQ,91914,71984,78.32
20,221,BRIGHT,SM,27000,27000,100.00
20,222,BRITANNIA,EQ,220391,107033,48.57
20,223,BRNL,EQ,4844,3163,65.30
20,224,BROOKS,EQ,52828,29834,56.47
20,225,BSE,EQ,97122,65923,67.88
20,226,BSELINFRA,EQ,284057,220848,77.75
20,227,BSHSL,SM,28000,26000,92.86
20,228,BSL,EQ,9690,7746,79.94
20,229,BSLGOLDETF,EQ,9,4,44.44
20,230,BSLNIFTY,EQ,169,124,73.37
20,231,BUTTERFLY,EQ,6721,4609,68.58
20,232,BYKE,EQ,71225,48198,67.67
20,233,CADILAHC,EQ,4923042,929171,18.87
20,234,CADSYS,SM,2000,2000,100.00
20,235,CAMLINFINE,EQ,461988,285291,61.75
20,236,CANBK,EQ,5516956,424710,7.70
20,237,CANDC,EQ,138863,82546,59.44
20,238,CANFINHOME,EQ,2541789,500270,19.68
20,239,CANTABIL,EQ,25443,15591,61.28
20,240,CAPACITE,EQ,51800,19245,37.15
20,241,CAPF,EQ,733775,189641,25.84
20,242,CAPLIPOINT,EQ,42751,21078,49.30
20,243,CAPTRUST,EQ,2501,2029,81.13
20,244,CARBORUNIV,EQ,109456,78154,71.40
20,245,CAREERP,EQ,22811,12696,55.66
20,246,CARERATING,EQ,16188,12946,79.97
20,247,CASTEXTECH,EQ,1207709,644546,53.37
20,248,CASTROLIND,EQ,1640357,860855,52.48
20,249,CCCL,EQ,215838,190748,88.38
20,250,CCHHL,EQ,75316,45901,60.94
20,251,CCL,EQ,206822,190115,91.92
20,252,CDSL,EQ,141093,80357,56.95
20,253,CEATLTD,EQ,853999,65681,7.69
20,254,CEBBCO,EQ,11116,9405,84.61
20,255,CELEBRITY,EQ,113830,75849,66.63
20,256,CELESTIAL,EQ,6849,6104,89.12
20,257,CENTENKA,EQ,97312,53071,54.54
20,258,CENTEXT,EQ,91204,76458,83.83
20,259,CENTRALBK,EQ,86446,42317,48.95
20,260,CENTRUM,EQ,86910,55564,63.93
20,261,CENTUM,EQ,25679,24449,95.21
20,262,CENTURYPLY,EQ,247492,153759,62.13
20,263,CENTURYTEX,EQ,996922,131571,13.20
20,264,CERA,EQ,18107,7192,39.72
20,265,CEREBRAINT,EQ,801718,236371,29.48
20,266,CES1RPDP,MF,1000,1000,100.00
20,267,CES1RPG,MF,51500,21500,41.75
20,268,CESC,EQ,3440206,450261,13.09
20,269,CGCL,EQ,44524,34030,76.43
20,270,CGPOWER,EQ,10787177,4286420,39.74
20,271,CHAMBLFERT,EQ,856207,457790,53.47
20,272,CHEMFAB,EQ,6505,5004,76.93
20,273,CHENNPETRO,EQ,348143,102807,29.53
20,274,CHOLAFIN,EQ,170497,86566,50.77
20,275,CIGNITITEC,EQ,7336,5587,76.16
20,276,CIMMCO,EQ,6340,4167,65.73
20,277,CINELINE,EQ,22422,16385,73.08
20,278,CIPLA,EQ,1981523,596945,30.13
20,279,CLEDUCATE,EQ,3600,2972,82.56
20,280,CLNINDIA,EQ,19761,16261,82.29
20,281,CMICABLES,EQ,21618,11090,51.30
20,282,COALINDIA,EQ,9141975,5410624,59.18
20,283,COCHINSHIP,EQ,51443,30826,59.92
20,284,COFFEEDAY,EQ,253339,166692,65.80
20,285,COLPAL,EQ,1272923,887817,69.75
20,286,COMPINFO,EQ,9801,8834,90.13
20,287,COMPUSOFT,EQ,20038,12759,63.67
20,288,CONCOR,EQ,619830,315161,50.85
20,289,CONSOFINVT,EQ,2632,2467,93.73
20,290,CONTROLPR,EQ,11194,10410,93.00
20,291,CORALFINAC,EQ,13317,5912,44.39
20,292,CORDSCABLE,EQ,29917,18316,61.22
20,293,COROMANDEL,EQ,279139,76059,27.25
20,294,CORPBANK,EQ,160983,93477,58.07
20,295,COSMOFILMS,EQ,20194,14661,72.60
20,296,COUNCODOS,EQ,4036,3831,94.92
20,297,COX&KINGS,EQ,56509,22412,39.66
20,298,CPSEETF,EQ,900025,833673,92.63
20,299,CREATIVEYE,EQ,5373,5373,100.00
20,300,CREST,EQ,15728,8444,53.69
20,301,CRISIL,EQ,3406,2784,81.74
20,302,CRMFGETF,EQ,3,3,100.00
20,303,CROMPTON,EQ,493065,317420,64.38
20,304,CTE,EQ,6821,6403,93.87
20,305,CUB,EQ,767266,486121,63.36
20,306,CUMMINSIND,EQ,2905458,1082710,37.26
20,307,CUPID,EQ,53013,29215,55.11
20,308,CYBERMEDIA,EQ,30,15,50.00
20,309,CYBERTECH,EQ,11776,10693,90.80
20,310,CYIENT,EQ,160647,90341,56.24
20,311,DAAWAT,EQ,1606671,606523,37.75
20,312,DABUR,EQ,3651453,2431499,66.59
20,313,DALMIABHA,EQ,193262,93189,48.22
20,314,DALMIASUG,EQ,44682,28950,64.79
20,315,DAMODARIND,EQ,3380,3350,99.11
20,316,DATAMATICS,EQ,401236,146847,36.60
20,317,DBCORP,EQ,17969,13244,73.70
20,318,DBL,EQ,199378,84884,42.57
20,319,DBREALTY,EQ,931733,513787,55.14
20,320,DBSTOCKBRO,EQ,102,102,100.00
20,321,DCAL,EQ,760002,360669,47.46
20,322,DCBBANK,EQ,675095,155019,22.96
20,323,DCM,EQ,27029,22535,83.37
20,324,DCMFINSERV,EQ,347,347,100.00
20,325,DCMSHRIRAM,EQ,117159,47939,40.92
20,326,DCW,EQ,167275,88780,53.07
20,327,DECCANCE,EQ,5276,3879,73.52
20,328,DEEPAKFERT,EQ,61606,34671,56.28
20,329,DEEPAKNTR,EQ,98358,64149,65.22
20,330,DEEPIND,EQ,177889,123505,69.43
20,331,DELTACORP,EQ,2501518,831517,33.24
20,332,DELTAMAGNT,EQ,380,330,86.84
20,333,DEN,EQ,111437,36794,33.02
20,334,DENABANK,EQ,795229,288719,36.31
20,335,DENORA,EQ,4534,2589,57.10
20,336,DEVIT,SM,1500,1500,100.00
20,337,DFMFOODS,EQ,1736,1087,62.62
20,338,DHAMPURSUG,EQ,150972,64265,42.57
20,339,DHANBANK,EQ,2441824,1489777,61.01
20,340,DHANUKA,EQ,7157,3560,49.74
20,341,DHFL,EQ,5754601,2138478,37.16
20,342,DHFL,NC,1803,1802,99.94
20,343,DHFL,NF,65,65,100.00
20,344,DHFL,NL,50,50,100.00
20,345,DHFL,NN,600,600,100.00
20,346,DHFL,NP,1029,869,84.45
20,347,DHFL,NQ,403,281,69.73
20,348,DHFL,NS,272,261,95.96
20,349,DHFL,NU,105,105,100.00
20,350,DHFL,NX,150,150,100.00
20,351,DHFL,NY,35,25,71.43
20,352,DHFL,Y1,300,300,100.00
20,353,DHUNINV,EQ,953,864,90.66
20,354,DIAMONDYD,EQ,1081,851,78.72
20,355,DICIND,EQ,1111,559,50.32
20,356,DIGJAMLTD,EQ,76384,52915,69.27
20,357,DISHTV,EQ,3874764,1414161,36.50
20,358,DIVISLAB,EQ,1794448,220953,12.31
20,359,DIXON,EQ,9744,5292,54.31
20,360,DLF,EQ,6488641,812714,12.53
20,361,DLINKINDIA,EQ,15478,9942,64.23
20,362,DMART,EQ,281703,108731,38.60
20,363,DNAMEDIA,EQ,88295,59342,67.21
20,364,DOLLAR,EQ,14945,8043,53.82
20,365,DOLPHINOFF,EQ,107617,48962,45.50
20,366,DONEAR,EQ,14762,9377,63.52
20,367,DPL,EQ,13863,8974,64.73
20,368,DPSCLTD,EQ,14082,13053,92.69
20,369,DQE,EQ,11304,9569,84.65
20,370,DREDGECORP,EQ,168912,49496,29.30
20,371,DRL,SM,6000,6000,100.00
20,372,DRREDDY,EQ,638958,111888,17.51
20,373,DSML,SM,6000,6000,100.00
20,374,DSSL,EQ,41145,18818,45.74
20,375,DTIL,EQ,1069,946,88.49
20,376,DUCON,EQ,121651,64501,53.02
20,377,DWARKESH,EQ,319339,202268,63.34
20,378,DYNAMATECH,EQ,4037,3746,92.79
20,379,DYNPRO,EQ,11272,6687,59.32
20,380,E2E,SM,24000,16000,66.67
20,381,EASTSILK,EQ,8922,8172,91.59
20,382,EBANK,EQ,3,1,33.33
20,383,ECEIND,EQ,167,85,50.90
20,384,ECLERX,EQ,6772,4908,72.47
20,385,ECLFINANCE,N3,105,105,100.00
20,386,ECLFINANCE,N4,75,75,100.00
20,387,ECLFINANCE,N5,385,348,90.39
20,388,ECLFINANCE,NB,21,21,100.00
20,389,ECLFINANCE,NE,65,65,100.00
20,390,ECLFINANCE,NF,1390,790,56.83
20,391,ECLFINANCE,NG,657,637,96.96
20,392,ECLFINANCE,NH,330,330,100.00
20,393,ECLFINANCE,NI,200,200,100.00
20,394,ECLFINANCE,NJ,1465,1465,100.00
20,395,ECLFINANCE,NK,2355,2050,87.05
20,396,EDELWEISS,EQ,1001475,443821,44.32
20,397,EDL,EQ,22116,16155,73.05
20,398,EHFLNCD,N5,423,423,100.00
20,399,EICHERMOT,EQ,39404,21881,55.53
20,400,EIDPARRY,EQ,69018,31548,45.71
20,401,EIFFL,SM,20000,19200,96.00
20,402,EIHAHOTELS,EQ,1399,918,65.62
20,403,EIHOTEL,EQ,65561,34921,53.26
20,404,EIMCOELECO,EQ,7214,4439,61.53
20,405,EKC,EQ,106337,67183,63.18
20,406,ELAND,EQ,5724,4640,81.06
20,407,ELECON,EQ,168643,118646,70.35
20,408,ELECTCAST,EQ,248670,163508,65.75
20,409,ELECTHERM,EQ,7155,5206,72.76
20,410,ELGIEQUIP,EQ,36159,18029,49.86
20,411,ELGIRUBCO,EQ,4112,2863,69.63
20,412,EMAMILTD,EQ,80825,38759,47.95
20,413,EMKAY,EQ,38361,24413,63.64
20,414,EMKAYTOOLS,SM,400,400,100.00
20,415,EMMBI,EQ,30893,28291,91.58
20,416,EMOFSR1RDP,MF,1100,1100,100.00
20,417,EMOFSR1RGG,MF,24651,24651,100.00
20,418,ENDURANCE,EQ,21030,12190,57.96
20,419,ENERGYDEV,EQ,82946,73198,88.25
20,420,ENGINERSIN,EQ,1145566,446478,38.97
20,421,ENIL,EQ,3581,2577,71.96
20,422,EON,EQ,19846,11776,59.34
20,423,EQ30,EQ,10,10,100.00
20,424,EQUITAS,EQ,1115066,587496,52.69
20,425,ERFLNCDI,N5,274,270,98.54
20,426,ERFLNCDI,N6,128,128,100.00
20,427,ERIS,EQ,51767,34078,65.83
20,428,EROSMEDIA,EQ,482821,329934,68.33
20,429,ESABINDIA,EQ,3608,2435,67.49
20,430,ESCORTS,EQ,1407121,261167,18.56
20,431,ESSARSHPNG,EQ,8645,7065,81.72
20,432,ESSDEE,EQ,19986,16990,85.01
20,433,ESSELPACK,EQ,123525,80257,64.97
20,434,ESTER,EQ,238821,142934,59.85
20,435,EUROTEXIND,EQ,565,429,75.93
20,436,EVEREADY,EQ,39258,20934,53.32
20,437,EVERESTIND,EQ,117292,53333,45.47
20,438,EXCEL,EQ,27124,18837,69.45
20,439,EXCELCROP,EQ,19906,10482,52.66
20,440,EXCELINDUS,EQ,20830,14771,70.91
20,441,EXIDEIND,EQ,1247435,294657,23.62
20,442,FACT,EQ,34158,16732,48.98
20,443,FAIRCHEM,EQ,11360,8205,72.23
20,444,FCL,EQ,233510,145912,62.49
20,445,FCONSUMER,EQ,1498570,600585,40.08
20,446,FCSSOFT,EQ,720748,398453,55.28
20,447,FDC,EQ,189001,35409,18.73
20,448,FEDDERELEC,EQ,66870,53405,79.86
20,449,FEDERALBNK,EQ,32536923,12406869,38.13
20,450,FEL,EQ,475169,296004,62.29
20,451,FELDVR,EQ,9359,7173,76.64
20,452,FELIX,SM,24000,20000,83.33
20,453,FIEMIND,EQ,36082,31446,87.15
20,454,FILATEX,EQ,743844,470248,63.22
20,455,FINCABLES,EQ,30093,20187,67.08
20,456,FINEORG,EQ,167508,59700,35.64
20,457,FINPIPE,EQ,14764,9601,65.03
20,458,FIVECORE,SM,26000,25000,96.15
20,459,FLEXITUFF,EQ,1982,1420,71.64
20,460,FLFL,EQ,40555,29368,72.42
20,461,FMGOETZE,EQ,1803,957,53.08
20,462,FMNL,EQ,39702,22324,56.23
20,463,FOCUS,SM,1000,1000,100.00
20,464,FORTIS,EQ,1636986,813677,49.71
20,465,FOSECOIND,EQ,1922,1026,53.38
20,466,FOURTHDIM,SM,24000,17000,70.83
20,467,FRETAIL,EQ,579160,312774,54.00
20,468,FSC,EQ,2246,1622,72.22
20,469,FSL,EQ,9077977,3228481,35.56
20,470,GABRIEL,EQ,60176,27147,45.11
20,471,GAEL,EQ,26678,19942,74.75
20,472,GAIL,EQ,4119939,1452522,35.26
20,473,GALAXYSURF,EQ,63063,53639,85.06
20,474,GALLANTT,EQ,60124,42549,70.77
20,475,GALLISPAT,EQ,278259,159833,57.44
20,476,GAMMNINFRA,EQ,4278433,2644562,61.81
20,477,GANDHITUBE,EQ,2154,1453,67.46
20,478,GANECOS,EQ,5085,4773,93.86
20,479,GANESHHOUC,EQ,47609,27986,58.78
20,480,GANGESSECU,EQ,3787,2341,61.82
20,481,GARDENSILK,EQ,18835,10198,54.14
20,482,GARFIBRES,EQ,5211,3817,73.25
20,483,GATI,EQ,599187,192803,32.18
20,484,GAYAPROJ,EQ,71633,39299,54.86
20,485,GDL,EQ,46543,33850,72.73
20,486,GEECEE,EQ,9655,6259,64.83
20,487,GENESYS,EQ,12413,7845,63.20
20,488,GENUSPAPER,EQ,168255,102811,61.10
20,489,GENUSPOWER,EQ,186449,97577,52.33
20,490,GEOJITFSL,EQ,96128,76287,79.36
20,491,GEPIL,EQ,5335,3222,60.39
20,492,GESHIP,EQ,90812,48688,53.61
20,493,GET&D,EQ,99230,40097,40.41
20,494,GHCL,EQ,132428,61931,46.77
20,495,GICHSGFIN,EQ,71893,33259,46.26
20,496,GICRE,EQ,46630,29223,62.67
20,497,GILLANDERS,EQ,710,705,99.30
20,498,GILLETTE,EQ,5445,4141,76.05
20,499,GINNIFILA,EQ,53070,31766,59.86
20,500,GIPCL,EQ,82023,54386,66.31
20,501,GIRIRAJ,SM,7200,3600,50.00
20,502,GKWLIMITED,EQ,2809,924,32.89
20,503,GLAXO,EQ,12285,7672,62.45
20,504,GLENMARK,EQ,2343563,672169,28.68
20,505,GLOBOFFS,EQ,8726,4195,48.07
20,506,GLOBUSSPR,EQ,186231,92125,49.47
20,507,GMBREW,EQ,99894,34241,34.28
20,508,GMDCLTD,EQ,127157,84458,66.42
20,509,GMMPFAUDLR,EQ,6905,4215,61.04
20,510,GMRINFRA,EQ,28786086,4328857,15.04
20,511,GNA,EQ,97686,63482,64.99
20,512,GNFC,EQ,652098,268380,41.16
20,513,GOACARBON,EQ,458081,131560,28.72
20,514,GOCLCORP,EQ,4257,2753,64.67
20,515,GODFRYPHLP,EQ,216191,22373,10.35
20,516,GODHA,SM,88000,88000,100.00
20,517,GODREJAGRO,EQ,153667,116253,75.65
20,518,GODREJCP,EQ,484805,310051,63.95
20,519,GODREJIND,EQ,287098,107297,37.37
20,520,GODREJPROP,EQ,72849,34712,47.65
20,521,GOKEX,EQ,47583,29682,62.38
20,522,GOKUL,EQ,43728,28940,66.18
20,523,GOKULAGRO,EQ,18649,15840,84.94
20,524,GOLDBEES,EQ,16926,13112,77.47
20,525,GOLDIAM,EQ,10665,7210,67.60
20,526,GOLDSHARE,EQ,1023,771,75.37
20,527,GOLDSTAR,SM,6000,6000,100.00
20,528,GOLDTECH,EQ,19786,19786,100.00
20,529,GOODLUCK,EQ,72566,64952,89.51
20,530,GPIL,EQ,174040,100400,57.69
20,531,GPPL,EQ,195218,178964,91.67
20,532,GPTINFRA,EQ,14390,6216,43.20
20,533,GRANULES,EQ,3094532,637289,20.59
20,534,GRAPHITE,EQ,1285972,466981,36.31
20,535,GRASIM,EQ,1750197,827519,47.28
20,536,GRAVITA,EQ,134788,62977,46.72
20,537,GREAVESCOT,EQ,363141,209425,57.67
20,538,GREENLAM,EQ,1176,967,82.23
20,539,GREENPLY,EQ,25947,16603,63.99
20,540,GREENPOWER,EQ,106341,71767,67.49
20,541,GRINDWELL,EQ,372863,74512,19.98
20,542,GRPLTD,EQ,226,200,88.50
20,543,GRUH,EQ,460985,207564,45.03
20,544,GSCLCEMENT,EQ,97057,52064,53.64
20,545,GSFC,EQ,1339922,471964,35.22
20,546,GSKCONS,EQ,85447,56762,66.43
20,547,GSPL,EQ,161838,115232,71.20
20,548,GSS,EQ,53619,35876,66.91
20,549,GTL,EQ,48768,37726,77.36
20,550,GTNIND,EQ,19983,15006,75.09
20,551,GTNTEX,EQ,7213,6626,91.86
20,552,GTPL,EQ,23330,19534,83.73
20,553,GUFICBIO,EQ,124076,70025,56.44
20,554,GUJALKALI,EQ,92770,37547,40.47
20,555,GUJAPOLLO,EQ,18072,11924,65.98
20,556,GUJFLUORO,EQ,89155,52842,59.27
20,557,GUJGASLTD,EQ,12092,7641,63.19
20,558,GULFOILLUB,EQ,7975,6580,82.51
20,559,GULFPETRO,EQ,29618,18287,61.74
20,560,GULPOLY,EQ,11555,7623,65.97
20,561,GVKPIL,EQ,3139205,1635766,52.11
20,562,H1190M36RG,MF,40000,40000,100.00
20,563,HAL,EQ,8049,4885,60.69
20,564,HARITASEAT,EQ,16496,8230,49.89
20,565,HARRMALAYA,EQ,337687,71179,21.08
20,566,HATHWAY,EQ,1313313,769109,58.56
20,567,HATSUN,EQ,9873,6683,67.69
20,568,HAVELLS,EQ,1876676,1004515,53.53
20,569,HBLPOWER,EQ,353946,178579,50.45
20,570,HCC,EQ,77267029,10322037,13.36
20,571,HCG,EQ,19506,16771,85.98
20,572,HCL-INSYS,EQ,1398921,414337,29.62
20,573,HCLTECH,EQ,4919599,2945797,59.88
20,574,HDFC,EQ,1602054,1086709,67.83
20,575,HDFC,W2,102200,102200,100.00
20,576,HDFCAMC,EQ,606276,219186,36.15
20,577,HDFCBANK,BL,120298,120298,100.00
20,578,HDFCBANK,EQ,1944080,1421918,73.14
20,579,HDFCLIFE,EQ,762167,610106,80.05
20,580,HDFCMFGETF,EQ,4932,4285,86.88
20,581,HDFCNIFETF,EQ,259,137,52.90
20,582,HDFCSENETF,EQ,7,5,71.43
20,583,HDIL,EQ,17120155,3749486,21.90
20,584,HEG,EQ,254663,87996,34.55
20,585,HEIDELBERG,EQ,179393,61563,34.32
20,586,HERCULES,EQ,11291,4214,37.32
20,587,HERITGFOOD,EQ,14973,9889,66.05
20,588,HEROMOTOCO,EQ,317643,157890,49.71
20,589,HESTERBIO,EQ,1611,1387,86.10
20,590,HEXAWARE,EQ,1534202,175699,11.45
20,591,HFCL,EQ,4347338,1377094,31.68
20,592,HGINFRA,EQ,73529,31413,42.72
20,593,HGS,EQ,5693,4299,75.51
20,594,HHOF1140RG,MF,4508,4501,99.84
20,595,HIGHGROUND,EQ,399219,164316,41.16
20,596,HIKAL,EQ,274031,236280,86.22
20,597,HIL,EQ,37625,30809,81.88
20,598,HIMATSEIDE,EQ,23241,10594,45.58
20,599,HINDALCO,EQ,6115262,1465986,23.97
20,600,HINDCOMPOS,EQ,46668,37344,80.02
20,601,HINDCOPPER,EQ,674233,237678,35.25
20,602,HINDMOTORS,EQ,239447,178132,74.39
20,603,HINDNATGLS,EQ,2731,2430,88.98
20,604,HINDOILEXP,EQ,754919,218765,28.98
20,605,HINDPETRO,EQ,2874199,1170104,40.71
20,606,HINDSYNTEX,EQ,500,500,100.00
20,607,HINDUJAVEN,EQ,11432,7444,65.12
20,608,HINDUNILVR,EQ,1169476,777068,66.45
20,609,HINDZINC,EQ,669118,251085,37.52
20,610,HIRECT,EQ,35323,21792,61.69
20,611,HISARMETAL,EQ,3117,1980,63.52
20,612,HITECH,EQ,21113,6693,31.70
20,613,HITECHCORP,EQ,2198,1722,78.34
20,614,HITECHGEAR,EQ,7690,4407,57.31
20,615,HMVL,EQ,3749,2377,63.40
20,616,HONAUT,EQ,773,469,60.67
20,617,HONDAPOWER,EQ,5424,4712,86.87
20,618,HOTELEELA,EQ,104032,47962,46.10
20,619,HOVS,EQ,19932,9615,48.24
20,620,HPL,EQ,55194,35977,65.18
20,621,HSCL,EQ,435629,193171,44.34
20,622,HSIL,EQ,120931,81400,67.31
20,623,HTMEDIA,EQ,149091,91961,61.68
20,624,HUBTOWN,EQ,997249,273219,27.40
20,625,HUDCO,EQ,601164,278067,46.25
20,626,HUDCO,N2,12,7,58.33
20,627,HUDCO,N3,480,265,55.21
20,628,HUDCO,N5,94,94,100.00
20,629,HUDCO,N7,300,300,100.00
20,630,HUDCO,N8,1104,1104,100.00
20,631,HUDCO,N9,965,544,56.37
20,632,HUDCO,ND,2485,2485,100.00
20,633,IBREALEST,EQ,4169692,1843854,44.22
20,634,IBULHSGFIN,EQ,659270,149550,22.68
20,635,IBULHSGFIN,N6,40,40,100.00
20,636,IBULHSGFIN,NA,1,1,100.00
20,637,ICEMAKE,SM,2000,2000,100.00
20,638,ICICI500,EQ,15,14,93.33
20,639,ICICIB22,EQ,4442656,4295036,96.68
20,640,ICICIBANK,EQ,16009673,8176458,51.07
20,641,ICICIGI,EQ,46796,31232,66.74
20,642,ICICIGOLD,EQ,1414,1158,81.90
20,643,ICICILOVOL,EQ,78,76,97.44
20,644,ICICIMCAP,EQ,4857,2753,56.68
20,645,ICICINF100,EQ,1439,1203,83.60
20,646,ICICINIFTY,EQ,26278,11801,44.91
20,647,ICICINV20,EQ,1889,1244,65.85
20,648,ICICIPRULI,EQ,1601223,1218148,76.08
20,649,ICICISENSX,EQ,15,14,93.33
20,650,ICIL,EQ,175250,103784,59.22
20,651,ICRA,EQ,986,789,80.02
20,652,IDBI,EQ,13144809,1987138,15.12
20,653,IDBIGOLD,EQ,1792,1652,92.19
20,654,IDEA,EQ,23063463,3523447,15.28
20,655,IDFC,EQ,4187561,1162413,27.76
20,656,IDFCBANK,EQ,13087261,5733304,43.81
20,657,IDFCBANK,N1,13,13,100.00
20,658,IDFCBANK,N2,25,25,100.00
20,659,IDFCBANK,N3,17,17,100.00
20,660,IDFCBANK,N4,11,11,100.00
20,661,IDFCBANK,N5,8,4,50.00
20,662,IDFCBANK,N6,8,8,100.00
20,663,IDFCBANK,N9,9,5,55.56
20,664,IDFCBANK,NA,32,28,87.50
20,665,IDFCBANK,NB,7,6,85.71
20,666,IDFCBANK,NC,44,44,100.00
20,667,IDFNIFTYET,EQ,45,45,100.00
20,668,IEX,EQ,9097,5905,64.91
20,669,IFBAGRO,EQ,1549,1059,68.37
20,670,IFBIND,EQ,12819,6694,52.22
20,671,IFCI,EQ,5409834,983829,18.19
20,672,IFCI,ND,104,104,100.00
20,673,IFCI,NH,720,670,93.06
20,674,IFGLEXPOR,EQ,5027,2953,58.74
20,675,IGARASHI,EQ,2302,1305,56.69
20,676,IGL,EQ,1446068,467631,32.34
20,677,IGPL,EQ,34770,19745,56.79
20,678,IIFCL,N4,1219,1219,100.00
20,679,IIFL,EQ,176672,131514,74.44
20,680,IIFLFIN,N5,5064,5064,100.00
20,681,IIFLFIN,N6,242,242,100.00
20,682,IIFLFIN,N7,494,270,54.66
20,683,IIFLFIN,NA,101,101,100.00
20,684,IIHFL,N1,475,470,98.95
20,685,IIHFL,N2,1072,1072,100.00
20,686,IIHFL,N3,25,25,100.00
20,687,IITL,EQ,3615,3095,85.62
20,688,IL&FSENGG,EQ,143081,95660,66.86
20,689,IL&FSTRANS,EQ,190840,83370,43.69
20,690,IMFA,EQ,30235,18964,62.72
20,691,IMPAL,EQ,271,159,58.67
20,692,INDBANK,EQ,39110,26168,66.91
20,693,INDHOTEL,EQ,831442,443304,53.32
20,694,INDIACEM,EQ,11223872,1636294,14.58
20,695,INDIAGLYCO,EQ,96095,58807,61.20
20,696,INDIANB,EQ,844829,78556,9.30
20,697,INDIANCARD,EQ,1345,1173,87.21
20,698,INDIANHUME,EQ,26838,12812,47.74
20,699,INDIGO,EQ,901795,143385,15.90
20,700,INDIGRID,IV,122472,117369,95.83
20,701,INDLMETER,EQ,1935,1310,67.70
20,702,INDNIPPON,EQ,6103,5442,89.17
20,703,INDOCO,EQ,31749,14859,46.80
20,704,INDORAMA,EQ,26184,21226,81.06
20,705,INDOSTAR,EQ,191207,172401,90.16
20,706,INDOTECH,EQ,3311,2321,70.10
20,707,INDOTHAI,EQ,10613,8871,83.59
20,708,INDOWIND,EQ,30641,19322,63.06
20,709,INDRAMEDCO,EQ,32107,20641,64.29
20,710,INDSWFTLAB,EQ,170298,77036,45.24
20,711,INDSWFTLTD,EQ,13286,4127,31.06
20,712,INDTERRAIN,EQ,8944,6434,71.94
20,713,INDUSINDBK,EQ,688170,365650,53.13
20,714,INEOSSTYRO,EQ,6548,4614,70.46
20,715,INFIBEAM,EQ,5242189,1321486,25.21
20,716,INFINITE,EQ,13898,7552,54.34
20,717,INFOBEAN,SM,10000,10000,100.00
20,718,INFRABEES,EQ,3449,3157,91.53
20,719,INFRATEL,EQ,2304463,1662843,72.16
20,720,INFY,EQ,4180741,2280633,54.55
20,721,INGERRAND,EQ,14427,7422,51.45
20,722,INNOVANA,SM,800,800,100.00
20,723,INNOVATIVE,SM,36000,30000,83.33
20,724,INOXLEISUR,EQ,78401,28295,36.09
20,725,INOXWIND,EQ,55832,25407,45.51
20,726,INSECTICID,EQ,30091,22153,73.62
20,727,INTELLECT,EQ,315991,64830,20.52
20,728,INVENTURE,EQ,21261,1797,8.45
20,729,IOB,EQ,298470,163450,54.76
20,730,IOC,EQ,5851590,2740124,46.83
20,731,IOLCP,EQ,733069,409117,55.81
20,732,IPAPPM,EQ,138349,62771,45.37
20,733,IPCALAB,EQ,229880,114861,49.97
20,734,IRB,EQ,1274945,364643,28.60
20,735,IRBINVIT,IV,95000,85000,89.47
20,736,IREDA,N7,984,773,78.56
20,737,IRFC,N1,1396,1395,99.93
20,738,IRFC,N2,400,400,100.00
20,739,IRFC,NA,1,1,100.00
20,740,IRFC,NE,398,199,50.00
20,741,IRFC,NG,1000,1000,100.00
20,742,IRFC,NJ,949,949,100.00
20,743,IRFC,NK,158,158,100.00
20,744,IRFC,NO,2727,2227,81.66
20,745,ISEC,EQ,347447,266713,76.76
20,746,ISFT,EQ,38757,19423,50.11
20,747,ISMTLTD,EQ,80984,66335,81.91
20,748,ITC,BL,7217711,7217711,100.00
20,749,ITC,EQ,13618791,9486419,69.66
20,750,ITDC,EQ,14999,6669,44.46
20,751,ITDCEM,EQ,108696,59995,55.20
20,752,ITI,EQ,358643,94597,26.38
20,753,IVC,EQ,442779,211892,47.86
20,754,IVP,EQ,6008,5159,85.87
20,755,IVZINGOLD,EQ,90,74,82.22
20,756,IVZINNIFTY,EQ,1,1,100.00
20,757,IZMO,EQ,260480,98089,37.66
20,758,J&KBANK,EQ,123746,68728,55.54
20,759,JAGRAN,EQ,281604,143908,51.10
20,760,JAGSNPHARM,EQ,8899,5558,62.46
20,761,JAIBALAJI,EQ,13301,7851,59.03
20,762,JAICORPLTD,EQ,931292,228161,24.50
20,763,JALAN,SM,3000,3000,100.00
20,764,JAMNAAUTO,EQ,3153268,859243,27.25
20,765,JASH,SM,3600,2400,66.67
20,766,JAYAGROGN,EQ,11384,7051,61.94
20,767,JAYBARMARU,EQ,188672,25241,13.38
20,768,JAYNECOIND,EQ,27732,20111,72.52
20,769,JAYSREETEA,EQ,118599,32009,26.99
20,770,JBCHEPHARM,EQ,21724,10318,47.50
20,771,JBMA,EQ,68512,25722,37.54
20,772,JCHAC,EQ,2385,1657,69.48
20,773,JETAIRWAYS,EQ,7424446,608070,8.19
20,774,JETFREIGHT,SM,2000,2000,100.00
20,775,JHS,EQ,84923,58487,68.87
20,776,JINDALPHOT,EQ,2603,2051,78.79
20,777,JINDALPOLY,EQ,62264,28818,46.28
20,778,JINDALSAW,EQ,580200,197973,34.12
20,779,JINDALSTEL,EQ,7391569,890236,12.04
20,780,JINDCOT,EQ,1949,1949,100.00
20,781,JINDRILL,EQ,37189,16999,45.71
20,782,JINDWORLD,EQ,37877,11188,29.54
20,783,JISLDVREQS,EQ,44314,27578,62.23
20,784,JISLJALEQS,EQ,6804220,2546363,37.42
20,785,JKCEMENT,EQ,38500,25121,65.25
20,786,JKIL,EQ,42752,23961,56.05
20,787,JKLAKSHMI,EQ,42318,22198,52.46
20,788,JKPAPER,EQ,2920495,1215174,41.61
20,789,JKTYRE,EQ,328994,121772,37.01
20,790,JMA,EQ,677,608,89.81
20,791,JMCPROJECT,EQ,6120,3808,62.22
20,792,JMFINANCIL,EQ,294648,209014,70.94
20,793,JOCIL,EQ,2109,1807,85.68
20,794,JPASSOCIAT,EQ,154007258,19561051,12.70
20,795,JPOLYINVST,EQ,2836,2079,73.31
20,796,JPPOWER,EQ,2302956,817948,35.52
20,797,JSL,EQ,118929,75061,63.11
20,798,JSLHISAR,EQ,120032,44999,37.49
20,799,JSWENERGY,EQ,701504,247593,35.29
20,800,JSWHL,EQ,9513,8811,92.62
20,801,JSWSTEEL,EQ,2781769,948097,34.08
20,802,JSWSTEEL,P2,9269,9269,100.00
20,803,JTEKTINDIA,EQ,115451,57608,49.90
20,804,JUBILANT,EQ,207151,85821,41.43
20,805,JUBLFOOD,EQ,587258,131217,22.34
20,806,JUBLINDS,EQ,21246,10125,47.66
20,807,JUNIORBEES,EQ,14366,10133,70.53
20,808,JUSTDIAL,EQ,1732946,282734,16.32
20,809,JVLAGRO,EQ,206570,201522,97.56
20,810,JYOTHYLAB,EQ,213641,143242,67.05
20,811,KABRAEXTRU,EQ,27235,17475,64.16
20,812,KAJARIACER,EQ,5375604,671611,12.49
20,813,KAKATCEM,EQ,23868,8077,33.84
20,814,KALPATPOWR,EQ,218228,145114,66.50
20,815,KAMATHOTEL,EQ,23335,15015,64.35
20,816,KAMDHENU,EQ,14665,8270,56.39
20,817,KANANIIND,EQ,3116,3047,97.79
20,818,KANORICHEM,EQ,19250,13250,68.83
20,819,KANSAINER,EQ,236494,184790,78.14
20,820,KARDA,EQ,16479,8390,50.91
20,821,KARURVYSYA,EQ,482477,284348,58.94
20,822,KAUSHALYA,EQ,70527,70127,99.43
20,823,KAVVERITEL,EQ,13364,12005,89.83
20,824,KAYA,EQ,13538,7318,54.06
20,825,KCP,EQ,77864,54366,69.82
20,826,KCPSUGIND,EQ,59567,51099,85.78
20,827,KDDL,EQ,3314,2338,70.55
20,828,KEC,EQ,2305015,1343208,58.27
20,829,KECL,EQ,217745,116061,53.30
20,830,KEERTI,SM,4000,4000,100.00
20,831,KEI,EQ,131039,84254,64.30
20,832,KELLTONTEC,EQ,68725,37237,54.18
20,833,KESARENT,EQ,1672,1150,68.78
20,834,KESORAMIND,EQ,143456,58188,40.56
20,835,KEYCORPSER,EQ,17,16,94.12
20,836,KHADIM,EQ,6122,4666,76.22
20,837,KHAITANLTD,EQ,1252,1211,96.73
20,838,KICL,EQ,5612,5570,99.25
20,839,KILITCH,EQ,152961,51098,33.41
20,840,KINGFA,EQ,3835,2801,73.04
20,841,KIOCL,EQ,46601,24866,53.36
20,842,KIRIINDUS,EQ,150837,64686,42.88
20,843,KIRLOSBROS,EQ,24948,9099,36.47
20,844,KIRLOSENG,EQ,5202,3302,63.48
20,845,KIRLOSIND,EQ,237,155,65.40
20,846,KITEX,EQ,52956,24539,46.34
20,847,KKCL,EQ,213,184,86.38
20,848,KMSUGAR,EQ,109418,67262,61.47
20,849,KNRCON,EQ,71035,51427,72.40
20,850,KOHINOOR,EQ,159106,55807,35.08
20,851,KOKUYOCMLN,EQ,145243,66532,45.81
20,852,KOLTEPATIL,EQ,63063,31320,49.66
20,853,KOPRAN,EQ,282808,119429,42.23
20,854,KOTAKBANK,EQ,1143471,682426,59.68
20,855,KOTAKBKETF,EQ,3371,1715,50.88
20,856,KOTAKGOLD,EQ,13349,11117,83.28
20,857,KOTAKNIFTY,EQ,3872,2648,68.39
20,858,KOTAKNV20,EQ,1500,1300,86.67
20,859,KOTAKPSUBK,EQ,1309,801,61.19
20,860,KOTARISUG,EQ,15129,11051,73.05
20,861,KOTHARIPET,EQ,10773,8885,82.47
20,862,KOTHARIPRO,EQ,2204,941,42.70
20,863,KPIT,EQ,2088827,711332,34.05
20,864,KPRMILL,EQ,33591,21800,64.90
20,865,KRBL,EQ,438308,128631,29.35
20,866,KRIDHANINF,EQ,40888,25655,62.74
20,867,KRISHANA,SM,4000,4000,100.00
20,868,KSBPUMPS,EQ,1701,1107,65.08
20,869,KSCL,EQ,685987,113336,16.52
20,870,KSL,EQ,63614,27290,42.90
20,871,KTIL,EQ,8678,7084,81.63
20,872,KTKBANK,EQ,6397151,1525646,23.85
20,873,KWALITY,EQ,337530,337530,100.00
20,874,L&TFH,EQ,5382107,1574678,29.26
20,875,L&TFINANCE,N4,151,151,100.00
20,876,L&TINFRA,N1,107,107,100.00
20,877,L&TINFRA,N2,914,884,96.72
20,878,L&TINFRA,N3,28,23,82.14
20,879,L&TINFRA,N4,999,974,97.50
20,880,L&TINFRA,N5,981,981,100.00
20,881,L&TINFRA,N6,2245,2145,95.55
20,882,LAKPRE,EQ,4899,4577,93.43
20,883,LAKSHVILAS,EQ,607534,178227,29.34
20,884,LALPATHLAB,EQ,68339,39590,57.93
20,885,LAMBODHARA,EQ,8200,5772,70.39
20,886,LAOPALA,EQ,120941,109340,90.41
20,887,LASA,EQ,65680,43825,66.73
20,888,LAURUSLABS,EQ,62567,40085,64.07
20,889,LAXMICOT,SM,12000,12000,100.00
20,890,LAXMIMACH,EQ,4046,2362,58.38
20,891,LEEL,EQ,63686,37677,59.16
20,892,LEMONTREE,EQ,294216,181378,61.65
20,893,LGBBROSLTD,EQ,5811,4134,71.14
20,894,LIBAS,SM,6000,4000,66.67
20,895,LIBERTSHOE,EQ,260109,59241,22.78
20,896,LICHSGFIN,EQ,2352583,813408,34.58
20,897,LICNETFGSC,EQ,16,9,56.25
20,898,LICNETFN50,EQ,15,15,100.00
20,899,LICNETFSEN,EQ,21,21,100.00
20,900,LICNFNHGP,EQ,2,2,100.00
20,901,LINCOLN,EQ,583987,195223,33.43
20,902,LINCPEN,EQ,3915,2974,75.96
20,903,LINDEINDIA,EQ,111923,105598,94.35
20,904,LIQUIDBEES,EQ,794291,502504,63.26
20,905,LIQUIDETF,EQ,1721,1270,73.79
20,906,LITL,EQ,1253536,871923,69.56
20,907,LOKESHMACH,EQ,16936,5624,33.21
20,908,LOTUSEYE,EQ,15869,9925,62.54
20,909,LOVABLE,EQ,62287,23378,37.53
20,910,LPDC,EQ,71282,54511,76.47
20,911,LSIL,EQ,2657468,1653938,62.24
20,912,LT,EQ,3057182,1296756,42.42
20,913,LTI,EQ,428959,290592,67.74
20,914,LTTS,EQ,131428,65807,50.07
20,915,LUMAXIND,EQ,1009,788,78.10
20,916,LUMAXTECH,EQ,220652,157906,71.56
20,917,LUPIN,EQ,3430538,831099,24.23
20,918,LUXIND,EQ,63271,4956,7.83
20,919,LYCOS,EQ,201984,146783,72.67
20,920,LYKALABS,EQ,121714,47135,38.73
20,921,LYPSAGEMS,EQ,49748,18900,37.99
20,922,M&M,EQ,1557070,945479,60.72
20,923,M&MFIN,EQ,916650,428269,46.72
20,924,M&MFIN,N2,50,50,100.00
20,925,M100,EQ,15903,15314,96.30
20,926,M14RG,MF,5000,5000,100.00
20,927,M50,EQ,12511,6025,48.16
20,928,MAANALU,EQ,6386,2843,44.52
20,929,MACPOWER,SM,3500,500,14.29
20,930,MADHAV,EQ,19941,7177,35.99
20,931,MADHUCON,EQ,79866,52454,65.68
20,932,MADRASFERT,EQ,129838,85600,65.93
20,933,MAGADSUGAR,EQ,6551,3984,60.82
20,934,MAGMA,EQ,1316249,1072109,81.45
20,935,MAHABANK,EQ,226969,114540,50.47
20,936,MAHASTEEL,EQ,117920,23128,19.61
20,937,MAHESHWARI,SM,3000,0,0.00
20,938,MAHINDCIE,EQ,80638,41021,50.87
20,939,MAHLIFE,EQ,54601,35017,64.13
20,940,MAHLOG,EQ,26399,17705,67.07
20,941,MAHSCOOTER,EQ,2039,1312,64.35
20,942,MAHSEAMLES,EQ,88509,44167,49.90
20,943,MAITHANALL,EQ,26606,14412,54.17
20,944,MAJESCO,EQ,32939,15098,45.84
20,945,MALUPAPER,EQ,29425,24692,83.92
20,946,MANAKALUCO,EQ,6382,5338,83.64
20,947,MANAKCOAT,EQ,127868,30107,23.55
20,948,MANAKSIA,EQ,4108,3157,76.85
20,949,MANAKSTEEL,EQ,5915,3813,64.46
20,950,MANALIPETC,EQ,918951,374565,40.76
20,951,MANAPPURAM,EQ,3585243,1292360,36.05
20,952,MANGALAM,EQ,83364,56208,67.42
20,953,MANGCHEFER,EQ,80935,31602,39.05
20,954,MANGLMCEM,EQ,24259,10369,42.74
20,955,MANGTIMBER,EQ,9146,6638,72.58
20,956,MANINDS,EQ,76532,52310,68.35
20,957,MANINFRA,EQ,1838014,639259,34.78
20,958,MANPASAND,EQ,381329,202325,53.06
20,959,MANUGRAPH,EQ,6856,4798,69.98
20,960,MARALOVER,EQ,5007,2771,55.34
20,961,MARATHON,EQ,3043,2409,79.17
20,962,MARICO,EQ,1608928,1061787,65.99
20,963,MARKSANS,EQ,2771604,823683,29.72
20,964,MARUTI,BL,147408,147408,100.00
20,965,MARUTI,EQ,380824,225278,59.16
20,966,MASFIN,EQ,11476,9196,80.13
20,967,MASTEK,EQ,100485,42453,42.25
20,968,MATRIMONY,EQ,11365,7773,68.39
20,969,MAWANASUG,EQ,94537,44542,47.12
20,970,MAXINDIA,EQ,2140949,1487423,69.47
20,971,MAXVIL,EQ,205899,159586,77.51
20,972,MAYURUNIQ,EQ,28528,21179,74.24
20,973,MAZDA,EQ,4099,2223,54.23
20,974,MBAPL,SM,6000,6000,100.00
20,975,MBLINFRA,EQ,223329,88091,39.44
20,976,MCDHOLDING,EQ,92878,31979,34.43
20,977,MCDOWELL-N,BL,1304639,1304639,100.00
20,978,MCDOWELL-N,EQ,987581,406164,41.13
20,979,MCL,SM,4800,4800,100.00
20,980,MCLEODRUSS,EQ,1132664,818739,72.28
20,981,MCX,EQ,541156,134864,24.92
20,982,MEGASOFT,EQ,5908,5684,96.21
20,983,MEGH,EQ,1144807,510783,44.62
20,984,MENONBE,EQ,53209,35341,66.42
20,985,MEP,EQ,475605,171460,36.05
20,986,MERCATOR,EQ,512724,413094,80.57
20,987,MERCK,EQ,48257,24381,50.52
20,988,METKORE,EQ,34897,34114,97.76
20,989,MFSL,EQ,342778,133335,38.90
20,990,MGL,EQ,615590,293243,47.64
20,991,MHHL,SM,3000,3000,100.00
20,992,MHRIL,EQ,111772,74433,66.59
20,993,MIC,EQ,124875,86285,69.10
20,994,MIDHANI,EQ,662002,209928,31.71
20,995,MINDACORP,EQ,282030,140617,49.86
20,996,MINDAIND,EQ,166096,135154,81.37
20,997,MINDTECK,EQ,15175,9611,63.33
20,998,MINDTREE,EQ,1328197,209457,15.77
20,999,MIRCELECTR,EQ,141375,94840,67.08
20,1000,MIRZAINT,EQ,192219,103067,53.62
20,1001,MITTAL,SM,42000,12000,28.57
20,1002,MKPL,SM,30000,28000,93.33
20,1003,MMFL,EQ,33262,16380,49.25
20,1004,MMP,SM,7800,3600,46.15
20,1005,MMTC,EQ,786116,284475,36.19
20,1006,MOHITIND,EQ,8786,7315,83.26
20,1007,MOHOTAIND,EQ,51546,37869,73.47
20,1008,MOIL,EQ,130742,67671,51.76
20,1009,MOKSH,SM,6000,3000,50.00
20,1010,MOLDTECH,EQ,74782,37202,49.75
20,1011,MOLDTKPAC,EQ,25232,22183,87.92
20,1012,MONSANTO,EQ,6378,4731,74.18
20,1013,MONTECARLO,EQ,2116,1265,59.78
20,1014,MORARJEE,EQ,2974,2933,98.62
20,1015,MOREPENLAB,EQ,592601,295727,49.90
20,1016,MOTHERSUMI,EQ,1965386,869470,44.24
20,1017,MOTILALOFS,EQ,131947,73633,55.80
20,1018,MOTOGENFIN,EQ,4440,4048,91.17
20,1019,MPHASIS,EQ,404989,270255,66.73
20,1020,MPSLTD,EQ,17038,5002,29.36
20,1021,MRF,EQ,11543,7234,62.67
20,1022,MRO-TEK,EQ,20354,19731,96.94
20,1023,MRPL,EQ,486364,125378,25.78
20,1024,MSPL,EQ,9904,6001,60.59
20,1025,MTEDUCARE,EQ,38272,24488,63.98
20,1026,MTNL,EQ,594061,155435,26.16
20,1027,MUKANDENGG,EQ,3743,2703,72.21
20,1028,MUKANDLTD,EQ,49936,35535,71.16
20,1029,MUKANDLTD,P1,479,477,99.58
20,1030,MUKTAARTS,EQ,358691,43534,12.14
20,1031,MUNJALAU,EQ,53212,31052,58.36
20,1032,MUNJALSHOW,EQ,10695,6158,57.58
20,1033,MURUDCERA,EQ,249854,112461,45.01
20,1034,MUTHOOTCAP,EQ,55877,27253,48.77
20,1035,MUTHOOTFIN,EQ,415093,103798,25.01
20,1036,MUTHOOTFIN,NB,4,4,100.00
20,1037,MUTHOOTFIN,NF,27,27,100.00
20,1038,MVL,EQ,328514,212852,64.79
20,1039,N100,EQ,105,105,100.00
20,1040,NABARD,N2,3009,3008,99.97
20,1041,NACLIND,EQ,23291,18541,79.61
20,1042,NAGAFERT,EQ,253272,152807,60.33
20,1043,NAGAROIL,EQ,134938,90529,67.09
20,1044,NAGREEKCAP,EQ,5940,2589,43.59
20,1045,NAGREEKEXP,EQ,1922,1610,83.77
20,1046,NAHARCAP,EQ,4774,2319,48.58
20,1047,NAHARINDUS,EQ,3045,2254,74.02
20,1048,NAHARPOLY,EQ,3241,1985,61.25
20,1049,NAHARSPING,EQ,9576,5025,52.47
20,1050,NARMADA,SM,12000,12000,100.00
20,1051,NATCOPHARM,EQ,285248,200563,70.31
20,1052,NATHBIOGEN,EQ,21956,9421,42.91
20,1053,NATIONALUM,EQ,12852580,4015105,31.24
20,1054,NATNLSTEEL,EQ,64165,54569,85.04
20,1055,NAUKRI,EQ,79177,47312,59.75
20,1056,NAVINFLUOR,EQ,25273,13380,52.94
20,1057,NAVKARCORP,EQ,74610,51795,69.42
20,1058,NAVNETEDUL,EQ,489984,273172,55.75
20,1059,NBCC,EQ,2379440,829333,34.85
20,1060,NBIFIN,EQ,983,767,78.03
20,1061,NBVENTURES,EQ,283167,135126,47.72
20,1062,NCC,EQ,7616657,1730170,22.72
20,1063,NCLIND,EQ,111462,43008,38.59
20,1064,NDGL,EQ,195,163,83.59
20,1065,NDL,EQ,37057,23670,63.87
20,1066,NECCLTD,EQ,23798,14576,61.25
20,1067,NECLIFE,EQ,440860,149468,33.90
20,1068,NELCAST,EQ,26476,18564,70.12
20,1069,NELCO,EQ,36282,29845,82.26
20,1070,NESCO,EQ,31323,25568,81.63
20,1071,NESTLEIND,EQ,62485,39256,62.82
20,1072,NETWORK18,EQ,613484,225306,36.73
20,1073,NEULANDLAB,EQ,6976,4699,67.36
20,1074,NEWGEN,EQ,49683,26111,52.56
20,1075,NEXTMEDIA,EQ,49173,30049,61.11
20,1076,NFL,EQ,219075,79791,36.42
20,1077,NH,EQ,13936,6723,48.24
20,1078,NHAI,N1,3728,2551,68.43
20,1079,NHAI,N2,2596,2296,88.44
20,1080,NHAI,N4,100,100,100.00
20,1081,NHAI,N6,367,244,66.49
20,1082,NHAI,NA,2150,2125,98.84
20,1083,NHAI,NE,45,45,100.00
20,1084,NHBTF2014,N5,150,150,100.00
20,1085,NHBTF2014,N6,290,290,100.00
20,1086,NHBTF2023,N6,191,191,100.00
20,1087,NHPC,EQ,2758676,1269012,46.00
20,1088,NHPC,N6,502,500,99.60
20,1089,NIACL,EQ,51367,28068,54.64
20,1090,NIFTYBEES,EQ,37756,30613,81.08
20,1091,NIITLTD,EQ,6083278,1745775,28.70
20,1092,NIITTECH,EQ,1638464,296145,18.07
20,1093,NILAINFRA,EQ,268672,87425,32.54
20,1094,NILKAMAL,EQ,106778,26700,25.01
20,1095,NIPPOBATRY,EQ,708,373,52.68
20,1096,NITCO,EQ,894442,216819,24.24
20,1097,NITESHEST,EQ,23824,15829,66.44
20,1098,NITINFIRE,EQ,101728,69118,67.94
20,1099,NITINSPIN,EQ,41096,21612,52.59
20,1100,NITIRAJ,SM,1200,1200,100.00
20,1101,NKIND,EQ,1589,1262,79.42
20,1102,NLCINDIA,EQ,196152,128049,65.28
20,1103,NMDC,EQ,1801337,700195,38.87
20,1104,NOCIL,EQ,683452,240711,35.22
20,1105,NOIDATOLL,EQ,309647,189640,61.24
20,1106,NRAIL,EQ,21241,12362,58.20
20,1107,NRBBEARING,EQ,40702,25408,62.42
20,1108,NSIL,EQ,193,179,92.75
20,1109,NTPC,EQ,4399507,2620243,59.56
20,1110,NTPC,N1,100,50,50.00
20,1111,NTPC,N6,120,120,100.00
20,1112,NTPC,N7,107903,106207,98.43
20,1113,NTPC,ND,675,675,100.00
20,1114,NUCLEUS,EQ,30737,16462,53.56
20,1115,NUTEK,EQ,33101,23853,72.06
20,1116,OBEROIRLTY,EQ,177958,80637,45.31
20,1117,OCCL,EQ,6450,5154,79.91
20,1118,OCL,EQ,134833,52165,38.69
20,1119,OFSS,EQ,36652,23745,64.79
20,1120,OIL,EQ,402947,129522,32.14
20,1121,OILCOUNTUB,EQ,8187,4096,50.03
20,1122,OMAXAUTO,EQ,7474,3944,52.77
20,1123,OMAXE,EQ,250701,27581,11.00
20,1124,OMKARCHEM,EQ,27209,22140,81.37
20,1125,OMMETALS,EQ,20903,12974,62.07
20,1126,ONELIFECAP,EQ,1334,950,71.21
20,1127,ONEPOINT,SM,6000,6000,100.00
20,1128,ONGC,EQ,5181397,2408328,46.48
20,1129,ONMOBILE,EQ,108217,61065,56.43
20,1130,ONWARDTEC,EQ,78344,46681,59.58
20,1131,ORBTEXP,EQ,5568,3187,57.24
20,1132,ORICONENT,EQ,78035,48718,62.43
20,1133,ORIENTABRA,EQ,15947,10050,63.02
20,1134,ORIENTALTL,EQ,12329,7406,60.07
20,1135,ORIENTBANK,EQ,2257419,189824,8.41
20,1136,ORIENTBELL,EQ,274386,56078,20.44
20,1137,ORIENTCEM,EQ,68558,31637,46.15
20,1138,ORIENTELEC,EQ,393026,204183,51.95
20,1139,ORIENTHOT,EQ,28157,21106,74.96
20,1140,ORIENTLTD,EQ,1418,326,22.99
20,1141,ORIENTPPR,EQ,5202953,2277879,43.78
20,1142,ORIENTREF,EQ,191851,151684,79.06
20,1143,ORISSAMINE,EQ,7609,3491,45.88
20,1144,ORTINLABSS,EQ,173772,103390,59.50
20,1145,OSWALAGRO,EQ,32612,24040,73.72
20,1146,PAEL,EQ,400,400,100.00
20,1147,PAGEIND,EQ,35886,21462,59.81
20,1148,PAISALO,EQ,1185,1141,96.29
20,1149,PALASHSECU,EQ,3549,1811,51.03
20,1150,PALREDTEC,EQ,1919,1276,66.49
20,1151,PANACEABIO,EQ,276471,88297,31.94
20,1152,PANACHE,SM,3200,3200,100.00
20,1153,PANAMAPET,EQ,98964,54129,54.70
20,1154,PANSARI,SM,6000,6000,100.00
20,1155,PAPERPROD,EQ,119218,51616,43.30
20,1156,PARABDRUGS,EQ,16146,11550,71.53
20,1157,PARACABLES,EQ,14303,9542,66.71
20,1158,PARAGMILK,EQ,367961,194664,52.90
20,1159,PARSVNATH,EQ,112383,91565,81.48
20,1160,PASHUPATI,SM,1600,1600,100.00
20,1161,PATELENG,EQ,233618,84916,36.35
20,1162,PATINTLOG,EQ,15636,7990,51.10
20,1163,PATSPINLTD,EQ,9123,7224,79.18
20,1164,PCJEWELLER,EQ,9256274,1226238,13.25
20,1165,PDMJEPAPER,EQ,53672,34612,64.49
20,1166,PDPL,EQ,9230,4222,45.74
20,1167,PDSMFL,EQ,491,491,100.00
20,1168,PEL,EQ,373656,112567,30.13
20,1169,PENIND,EQ,93807,56498,60.23
20,1170,PENINLAND,EQ,158880,103122,64.91
20,1171,PENPEBS,EQ,16679,14227,85.30
20,1172,PERSISTENT,EQ,182430,108724,59.60
20,1173,PETRONENGG,EQ,1295,945,72.97
20,1174,PETRONET,EQ,2645870,1525373,57.65
20,1175,PFC,EQ,7625378,3507067,45.99
20,1176,PFC,N4,478,478,100.00
20,1177,PFC,N6,220,110,50.00
20,1178,PFC,N8,1850,1850,100.00
20,1179,PFIZER,EQ,41509,20662,49.78
20,1180,PFOCUS,EQ,693664,162338,23.40
20,1181,PFS,EQ,814234,401810,49.35
20,1182,PGEL,EQ,14278,10797,75.62
20,1183,PGHH,EQ,1794,1166,64.99
20,1184,PGIL,EQ,118943,63120,53.07
20,1185,PHILIPCARB,EQ,968807,291208,30.06
20,1186,PHOENIXLTD,EQ,48703,37708,77.42
20,1187,PIDILITIND,EQ,607552,263949,43.44
20,1188,PIGL,SM,4000,4000,100.00
20,1189,PIIND,EQ,113346,74264,65.52
20,1190,PILITA,EQ,23752,3685,15.51
20,1191,PIONDIST,EQ,40302,14762,36.63
20,1192,PIONEEREMB,EQ,166667,46864,28.12
20,1193,PITTIENG,EQ,47005,36035,76.66
20,1194,PLASTIBLEN,EQ,6980,6495,93.05
20,1195,PNB,EQ,16719748,3447729,20.62
20,1196,PNBGILTS,EQ,268397,119131,44.39
20,1197,PNBHOUSING,EQ,314130,143177,45.58
20,1198,PNC,EQ,2675,1801,67.33
20,1199,PNCINFRA,EQ,262756,230588,87.76
20,1200,POCHIRAJU,EQ,1793,1793,100.00
20,1201,PODDARHOUS,EQ,764,746,97.64
20,1202,PODDARMENT,EQ,7074,5466,77.27
20,1203,POKARNA,EQ,57903,47802,82.56
20,1204,POLYMED,EQ,103905,36964,35.57
20,1205,POLYPLEX,EQ,24929,18201,73.01
20,1206,PONNIERODE,EQ,944,370,39.19
20,1207,POWERGRID,EQ,2055992,1258004,61.19
20,1208,POWERMECH,EQ,11280,10550,93.53
20,1209,PPAP,EQ,7069,5036,71.24
20,1210,PRABHAT,EQ,32199,13564,42.13
20,1211,PRAENG,EQ,5082,3366,66.23
20,1212,PRAJIND,EQ,559617,337411,60.29
20,1213,PRAKASH,EQ,623314,193557,31.05
20,1214,PRAKASHCON,EQ,166556,119459,71.72
20,1215,PRAXIS,EQ,79957,66783,83.52
20,1216,PRECAM,EQ,72148,68917,95.52
20,1217,PRECOT,EQ,27541,8552,31.05
20,1218,PRECWIRE,EQ,12067,6909,57.26
20,1219,PREMEXPLN,EQ,9690,7154,73.83
20,1220,PREMIER,EQ,4838,3731,77.12
20,1221,PREMIERPOL,EQ,16235,14827,91.33
20,1222,PRESSMN,EQ,15449,9793,63.39
20,1223,PRESTIGE,EQ,42168,31669,75.10
20,1224,PRICOLLTD,EQ,94410,62870,66.59
20,1225,PRIMESECU,EQ,15897,11483,72.23
20,1226,PRITI,SM,8000,6400,80.00
20,1227,PROVOGE,EQ,59281,40557,68.41
20,1228,PROZONINTU,EQ,419950,114877,27.35
20,1229,PRSMJOHNSN,EQ,1281545,593340,46.30
20,1230,PSB,EQ,51280,43484,84.80
20,1231,PSL,EQ,90932,74772,82.23
20,1232,PSPPROJECT,EQ,13215,10248,77.55
20,1233,PSUBNKBEES,EQ,2051,1820,88.74
20,1234,PTC,EQ,2512919,923310,36.74
20,1235,PTL,EQ,25138,15480,61.58
20,1236,PUNJABCHEM,EQ,8255,5419,65.65
20,1237,PUNJLLOYD,EQ,386533,182560,47.23
20,1238,PURVA,EQ,159875,66753,41.75
20,1239,PVP,EQ,74898,63746,85.11
20,1240,PVR,EQ,328880,115855,35.23
20,1241,QGOLDHALF,EQ,668,434,64.97
20,1242,QUESS,EQ,303710,262508,86.43
20,1243,QUICKHEAL,EQ,90657,41718,46.02
20,1244,RADAAN,EQ,700,700,100.00
20,1245,RADICO,EQ,286214,219592,76.72
20,1246,RADIOCITY,EQ,96594,52114,53.95
20,1247,RAJESHEXPO,EQ,606309,68352,11.27
20,1248,RAJSREESUG,EQ,3522,2725,77.37
20,1249,RAJTV,EQ,1241,684,55.12
20,1250,RALLIS,EQ,154243,74623,48.38
20,1251,RAMANEWS,EQ,734371,465228,63.35
20,1252,RAMASTEEL,EQ,14742,8242,55.91
20,1253,RAMCOCEM,EQ,438415,177927,40.58
20,1254,RAMCOIND,EQ,45302,20029,44.21
20,1255,RAMCOSYS,EQ,38653,21569,55.80
20,1256,RAMKY,EQ,245088,109886,44.84
20,1257,RANASUG,EQ,115408,81490,70.61
20,1258,RANEENGINE,EQ,2829,954,33.72
20,1259,RANEHOLDIN,EQ,2795,1698,60.75
20,1260,RATNAMANI,EQ,11135,10267,92.20
20,1261,RAYMOND,EQ,540608,117463,21.73
20,1262,RBL,EQ,63676,15817,24.84
20,1263,RBLBANK,EQ,3884090,1228602,31.63
20,1264,RCF,EQ,802917,291614,36.32
20,1265,RCOM,EQ,86334542,9146567,10.59
20,1266,RECLTD,EQ,3045054,838203,27.53
20,1267,RECLTD,N1,210,200,95.24
20,1268,RECLTD,N2,200,150,75.00
20,1269,RECLTD,N6,4001,2001,50.01
20,1270,RECLTD,N9,150,150,100.00
20,1271,RECLTD,NI,343,343,100.00
20,1272,REDINGTON,EQ,848287,534382,63.00
20,1273,REFEX,EQ,49143,35863,72.98
20,1274,RELAXO,EQ,78083,71347,91.37
20,1275,RELCAPITAL,EQ,3622665,573691,15.84
20,1276,RELCNX100,EQ,203,203,100.00
20,1277,RELCONS,EQ,4621,3521,76.20
20,1278,RELDIVOPP,EQ,586,542,92.49
20,1279,RELIABLE,SM,8000,2000,25.00
20,1280,RELIANCE,EQ,7279641,3175536,43.62
20,1281,RELIGARE,EQ,460281,286903,62.33
20,1282,RELINFRA,EQ,2312461,514827,22.26
20,1283,RELNV20,EQ,537,302,56.24
20,1284,REMSONSIND,EQ,4121,3201,77.68
20,1285,RENUKA,EQ,156794,96171,61.34
20,1286,REPCOHOME,EQ,105556,29467,27.92
20,1287,REPL,SM,12000,9000,75.00
20,1288,REPRO,EQ,4008,2415,60.25
20,1289,RESPONIND,EQ,7954,2348,29.52
20,1290,REVATHI,EQ,673,275,40.86
20,1291,RHFL,EQ,1616913,511320,31.62
20,1292,RHFL,N4,600,260,43.33
20,1293,RHFL,N6,307,307,100.00
20,1294,RICOAUTO,EQ,345446,152256,44.08
20,1295,RIIL,EQ,230597,43186,18.73
20,1296,RITES,EQ,3610530,555083,15.37
20,1297,RJL,EQ,10642,8387,78.81
20,1298,RKDL,EQ,7866,6101,77.56
20,1299,RKEC,SM,37000,25000,67.57
20,1300,RKFORGE,EQ,16113,10604,65.81
20,1301,RMCL,EQ,678342,247293,36.46
20,1302,RML,EQ,19302,6137,31.79
20,1303,RNAM,EQ,190568,109901,57.67
20,1304,RNAVAL,EQ,3065532,1409675,45.98
20,1305,ROHLTD,EQ,36922,17134,46.41
20,1306,ROLLT,EQ,49660,26870,54.11
20,1307,ROLTA,EQ,1695585,865113,51.02
20,1308,ROSSELLIND,EQ,8225,5582,67.87
20,1309,RPGLIFE,EQ,115854,34172,29.50
20,1310,RPOWER,EQ,5829927,1264492,21.69
20,1311,RPPINFRA,EQ,45539,39231,86.15
20,1312,RRSLGETF,EQ,100,100,100.00
20,1313,RSSOFTWARE,EQ,50202,22624,45.07
20,1314,RSWM,EQ,9544,6554,68.67
20,1315,RSYSTEMS,EQ,35123,32815,93.43
20,1316,RTNINFRA,EQ,887640,582455,65.62
20,1317,RTNPOWER,EQ,3255976,1852214,56.89
20,1318,RUBYMILLS,EQ,1777,971,54.64
20,1319,RUCHIRA,EQ,116364,41345,35.53
20,1320,RUCHISOYA,EQ,8452517,4504080,53.29
20,1321,RUPA,EQ,22029,10438,47.38
20,1322,RUSHIL,EQ,7179,2529,35.23
20,1323,SABEVENTS,EQ,150,150,100.00
20,1324,SADBHAV,EQ,657386,610434,92.86
20,1325,SADBHIN,EQ,13219,10342,78.24
20,1326,SAGCEM,EQ,1621,1072,66.13
20,1327,SAIL,EQ,8109774,1063751,13.12
20,1328,SAKHTISUG,EQ,40815,31996,78.39
20,1329,SAKSOFT,EQ,21394,8692,40.63
20,1330,SAKUMA,EQ,24736,13826,55.89
20,1331,SALASAR,EQ,10678,7994,74.86
20,1332,SALONA,EQ,1614,1264,78.31
20,1333,SALSTEEL,EQ,32307,28373,87.82
20,1334,SALZERELEC,EQ,19768,14752,74.63
20,1335,SAMBHAAV,EQ,24634,18235,74.02
20,1336,SANCO,EQ,167219,135265,80.89
20,1337,SANDESH,EQ,1347,1220,90.57
20,1338,SANDHAR,EQ,32769,16628,50.74
20,1339,SANGAMIND,EQ,19820,10133,51.13
20,1340,SANGHIIND,EQ,99986,62330,62.34
20,1341,SANGHVIFOR,EQ,11553,7243,62.69
20,1342,SANGHVIMOV,EQ,57764,47096,81.53
20,1343,SANGINITA,SM,68000,68000,100.00
20,1344,SANOFI,EQ,11226,7032,62.64
20,1345,SANWARIA,EQ,25309092,5084897,20.09
20,1346,SARDAEN,EQ,64422,31901,49.52
20,1347,SAREGAMA,EQ,19630,7498,38.20
20,1348,SARLAPOLY,EQ,41823,35493,84.86
20,1349,SARVESHWAR,SM,14400,12800,88.89
20,1350,SASKEN,EQ,13161,6339,48.17
20,1351,SASTASUNDR,EQ,3477,3473,99.88
20,1352,SATHAISPAT,EQ,10169,8928,87.80
20,1353,SATIN,EQ,83867,74057,88.30
20,1354,SBILIFE,EQ,118889,65548,55.13
20,1355,SBIN,EQ,14139592,3375979,23.88
20,1356,SBIN,N2,30,28,93.33
20,1357,SBIN,N5,128,125,97.66
20,1358,SCAPDVR,EQ,3271,3271,100.00
20,1359,SCHAEFFLER,EQ,2707,1785,65.94
20,1360,SCHAND,EQ,9244,7337,79.37
20,1361,SCHNEIDER,EQ,494511,119234,24.11
20,1362,SCI,EQ,260153,131596,50.58
20,1363,SDBL,EQ,203069,109187,53.77
20,1364,SEAMECLTD,EQ,1170,985,84.19
20,1365,SELAN,EQ,194404,56938,29.29
20,1366,SELMCL,EQ,44398,39098,88.06
20,1367,SEPOWER,EQ,36443,36039,98.89
20,1368,SEQUENT,EQ,6127947,2689451,43.89
20,1369,SERVOTECH,SM,4000,4000,100.00
20,1370,SESHAPAPER,EQ,5944,3876,65.21
20,1371,SETCO,EQ,1480035,630680,42.61
20,1372,SETF10GILT,EQ,306,90,29.41
20,1373,SETFGOLD,EQ,2838,2367,83.40
20,1374,SETFNIF50,EQ,12873,12585,97.76
20,1375,SETFNIFBK,EQ,79,57,72.15
20,1376,SETFNN50,EQ,2118,2015,95.14
20,1377,SFL,EQ,3288,1859,56.54
20,1378,SGBAUG24,GB,227,217,95.59
20,1379,SGBFEB24,GB,4,4,100.00
20,1380,SGBJUL25,GB,4,4,100.00
20,1381,SGBMAR25,GB,121,103,85.12
20,1382,SGBMAY25,GB,14,14,100.00
20,1383,SGBMAY26,GB,232,198,85.34
20,1384,SGBNOV23,GB,63,49,77.78
20,1385,SGBNOV24,GB,54,31,57.41
20,1386,SGBNOV258,GB,14,10,71.43
20,1387,SGBOCT25IV,GB,68,67,98.53
20,1388,SGBSEP24,GB,12,11,91.67
20,1389,SGL,EQ,9170,5537,60.38
20,1390,SHAHALLOYS,EQ,10391,7493,72.11
20,1391,SHAKTIPUMP,EQ,35192,12472,35.44
20,1392,SHALBY,EQ,31069,21179,68.17
20,1393,SHALPAINTS,EQ,18903,7364,38.96
20,1394,SHANKARA,EQ,28131,13327,47.37
20,1395,SHANTI,SM,6000,6000,100.00
20,1396,SHANTIGEAR,EQ,12795,10709,83.70
20,1397,SHARDACROP,EQ,29345,16803,57.26
20,1398,SHARDAMOTR,EQ,1829,1454,79.50
20,1399,SHARIABEES,EQ,2,1,50.00
20,1400,SHEMAROO,EQ,3660,2290,62.57
20,1401,SHILPAMED,EQ,72871,42715,58.62
20,1402,SHIRPUR-G,EQ,1866,992,53.16
20,1403,SHIVAMAUTO,EQ,104851,54200,51.69
20,1404,SHIVAMILLS,EQ,5867,2355,40.14
20,1405,SHIVATEX,EQ,4356,2750,63.13
20,1406,SHK,EQ,126149,46646,36.98
20,1407,SHOPERSTOP,EQ,47587,24862,52.25
20,1408,SHREECEM,EQ,16287,8807,54.07
20,1409,SHREEPUSHK,EQ,102405,44985,43.93
20,1410,SHREERAMA,EQ,9917,7566,76.29
20,1411,SHRENIK,SM,375000,188750,50.33
20,1412,SHREYANIND,EQ,31645,14353,45.36
20,1413,SHREYAS,EQ,50912,37031,72.74
20,1414,SHRIRAMCIT,EQ,6863,5574,81.22
20,1415,SHRIRAMCIT,NG,90,90,100.00
20,1416,SHRIRAMEPC,EQ,51245,30437,59.40
20,1417,SHYAMCENT,EQ,6275,5765,91.87
20,1418,SHYAMTEL,EQ,602,583,96.84
20,1419,SICAGEN,EQ,29032,21800,75.09
20,1420,SICAL,EQ,36235,33108,91.37
20,1421,SIEMENS,EQ,991778,429090,43.26
20,1422,SIIL,SM,2000,2000,100.00
20,1423,SILINV,EQ,8375,5278,63.02
20,1424,SILLYMONKS,SM,2400,1200,50.00
20,1425,SILVERTUC,SM,23000,20000,86.96
20,1426,SIMBHALS,EQ,9671,8010,82.82
20,1427,SIMPLEX,EQ,4138,3050,73.71
20,1428,SIMPLEXINF,EQ,18989,15112,79.58
20,1429,SINTERCOM,SM,8000,8000,100.00
20,1430,SINTEX,EQ,3613392,1330709,36.83
20,1431,SIRCA,SM,76000,41600,54.74
20,1432,SIS,EQ,13959,12754,91.37
20,1433,SITINET,EQ,56515,36017,63.73
20,1434,SIYSIL,EQ,3752,2448,65.25
20,1435,SJVN,EQ,1900411,1441577,75.86
20,1436,SKFINDIA,EQ,2012,1194,59.34
20,1437,SKIL,EQ,28960,23611,81.53
20,1438,SKIPPER,EQ,1488942,584481,39.25
20,1439,SKMEGGPROD,EQ,24115,10535,43.69
20,1440,SMARTLINK,EQ,1431,1154,80.64
20,1441,SMLISUZU,EQ,11168,7047,63.10
20,1442,SMSLIFE,EQ,4489,3027,67.43
20,1443,SMSPHARMA,EQ,74791,32513,43.47
20,1444,SMVD,SM,2000,2000,100.00
20,1445,SNOWMAN,EQ,544328,197787,36.34
20,1446,SOBHA,EQ,274693,98498,35.86
20,1447,SOFTTECH,SM,9600,8000,83.33
20,1448,SOLARA,EQ,243057,125014,51.43
20,1449,SOLARINDS,EQ,8737,5324,60.94
20,1450,SOMANYCERA,EQ,47599,25831,54.27
20,1451,SOMATEX,EQ,5455,5075,93.03
20,1452,SOMICONVEY,EQ,5584,3985,71.36
20,1453,SONAMCLOCK,SM,42000,42000,100.00
20,1454,SONATSOFTW,EQ,199546,65840,32.99
20,1455,SORILINFRA,EQ,257817,114513,44.42
20,1456,SOTL,EQ,1742,996,57.18
20,1457,SOUTHBANK,EQ,19366560,8064352,41.64
20,1458,SOUTHWEST,SM,9600,6400,66.67
20,1459,SPAL,EQ,4792,2866,59.81
20,1460,SPARC,EQ,1071296,219620,20.50
20,1461,SPECIALITY,EQ,50126,37226,74.26
20,1462,SPENTEX,EQ,31362,29963,95.54
20,1463,SPIC,EQ,194126,153582,79.11
20,1464,SPICEMOBI,EQ,9811,7224,73.63
20,1465,SPLIL,EQ,833403,265172,31.82
20,1466,SPMLINFRA,EQ,13137,7411,56.41
20,1467,SPTL,EQ,2405323,771005,32.05
20,1468,SQSBFSI,EQ,21035,12721,60.48
20,1469,SREEL,EQ,3430,1545,45.04
20,1470,SREIBNPNCD,ND,21,21,100.00
20,1471,SREIBNPNCD,NJ,10,10,100.00
20,1472,SREIBNPNCD,NL,300,300,100.00
20,1473,SREIBNPNCD,NP,161,161,100.00
20,1474,SREIBNPNCD,NQ,100,100,100.00
20,1475,SREIBNPNCD,NU,156,156,100.00
20,1476,SREIBNPNCD,NW,100,100,100.00
20,1477,SREINFRA,EQ,1286540,408534,31.75
20,1478,SREINFRA,NZ,27,27,100.00
20,1479,SREINFRA,Y6,50,50,100.00
20,1480,SREINFRA,YA,40,40,100.00
20,1481,SRF,EQ,404784,59512,14.70
20,1482,SRHHYPOLTD,EQ,2209,1377,62.34
20,1483,SRIPIPES,EQ,37633,19070,50.67
20,1484,SRSLTD,EQ,336385,286582,85.19
20,1485,SRTRANSFIN,EQ,1255962,679443,54.10
20,1486,SRTRANSFIN,Y3,55,45,81.82
20,1487,SRTRANSFIN,Y5,152,150,98.68
20,1488,SRTRANSFIN,Y9,100,100,100.00
20,1489,SRTRANSFIN,YG,10,10,100.00
20,1490,SRTRANSFIN,YI,100,100,100.00
20,1491,SRTRANSFIN,YJ,131,131,100.00
20,1492,SRTRANSFIN,YK,1220,1220,100.00
20,1493,SRTRANSFIN,YM,270,270,100.00
20,1494,SSWL,EQ,4957,2626,52.98
20,1495,STAMPEDE,EQ,55451,43353,78.18
20,1496,STAN,DR,750,544,72.53
20,1497,STAR,EQ,4425361,1002918,22.66
20,1498,STARCEMENT,EQ,33094,26273,79.39
20,1499,STARPAPER,EQ,146447,75601,51.62
20,1500,STCINDIA,EQ,93682,27289,29.13
20,1501,STEELCITY,SM,4000,2000,50.00
20,1502,STEELXIND,EQ,74284,44862,60.39
20,1503,STEL,EQ,192660,91421,47.45
20,1504,STERTOOLS,EQ,6389,3408,53.34
20,1505,STINDIA,EQ,534,533,99.81
20,1506,STRTECH,EQ,834919,270906,32.45
20,1507,SUBEX,EQ,4736714,1737892,36.69
20,1508,SUBROS,EQ,31157,19510,62.62
20,1509,SUDARSCHEM,EQ,131489,90613,68.91
20,1510,SUMMITSEC,EQ,5824,3796,65.18
20,1511,SUNCLAYLTD,EQ,2418,2209,91.36
20,1512,SUNDARAM,EQ,269633,203559,75.49
20,1513,SUNDARMFIN,EQ,12741,9362,73.48
20,1514,SUNDARMHLD,EQ,16425,12447,75.78
20,1515,SUNDRMBRAK,EQ,34450,10430,30.28
20,1516,SUNDRMFAST,EQ,69798,37622,53.90
20,1517,SUNFLAG,EQ,803980,377388,46.94
20,1518,SUNPHARMA,EQ,7752348,2303751,29.72
20,1519,SUNTECK,EQ,99941,26798,26.81
20,1520,SUNTV,EQ,2370038,334591,14.12
20,1521,SUPERHOUSE,EQ,8349,6239,74.73
20,1522,SUPPETRO,EQ,21850,17799,81.46
20,1523,SUPRAJIT,EQ,543377,535340,98.52
20,1524,SUPREMEIND,EQ,32555,23818,73.16
20,1525,SUPREMEINF,EQ,34819,25980,74.61
20,1526,SURANAT&P,EQ,15330,10422,67.98
20,1527,SUREVIN,SM,42000,42000,100.00
20,1528,SURYALAXMI,EQ,3648,3074,84.27
20,1529,SURYAROSNI,EQ,40562,19369,47.75
20,1530,SUTLEJTEX,EQ,25756,14888,57.80
20,1531,SUULD,SM,8000,8000,100.00
20,1532,SUVEN,EQ,5564095,1314275,23.62
20,1533,SUZLON,EQ,12458940,4031676,32.36
20,1534,SVLL,SM,3000,3000,100.00
20,1535,SWANENERGY,EQ,146936,15081,10.26
20,1536,SWARAJENG,EQ,3501,2785,79.55
20,1537,SWELECTES,EQ,1853,1480,79.87
20,1538,SYMPHONY,EQ,49911,26184,52.46
20,1539,SYNCOM,EQ,193476,88074,45.52
20,1540,SYNDIBANK,EQ,3090702,853449,27.61
20,1541,SYNGENE,EQ,62829,32151,51.17
20,1542,TAINWALCHM,EQ,4688,1785,38.08
20,1543,TAJGVK,EQ,47330,21812,46.08
20,1544,TAKE,EQ,315978,209036,66.16
20,1545,TALBROAUTO,EQ,26907,13084,48.63
20,1546,TALWALKARS,EQ,49867,35638,71.47
20,1547,TALWGYM,EQ,50072,31779,63.47
20,1548,TARACHAND,SM,6000,6000,100.00
20,1549,TARMAT,EQ,9369,5894,62.91
20,1550,TASTYBITE,EQ,576,502,87.15
20,1551,TATACHEM,EQ,417098,200302,48.02
20,1552,TATACOFFEE,EQ,1015954,320929,31.59
20,1553,TATACOMM,EQ,154980,52130,33.64
20,1554,TATAELXSI,EQ,745323,144351,19.37
20,1555,TATAGLOBAL,EQ,3272005,1877968,57.40
20,1556,TATAINVEST,EQ,13470,6656,49.41
20,1557,TATAMETALI,EQ,26246,7550,28.77
20,1558,TATAMOTORS,EQ,19505584,4646975,23.82
20,1559,TATAMTRDVR,EQ,4360180,1686869,38.69
20,1560,TATAPOWER,EQ,4051774,1570160,38.75
20,1561,TATASPONGE,EQ,80130,23132,28.87
20,1562,TATASTEEL,E1,392931,136577,34.76
20,1563,TATASTEEL,EQ,10873707,2050030,18.85
20,1564,TBZ,EQ,71693,37678,52.55
20,1565,TCFSL,N9,35,35,100.00
20,1566,TCI,EQ,100338,36892,36.77
20,1567,TCIDEVELOP,EQ,60,31,51.67
20,1568,TCIEXP,EQ,21480,9561,44.51
20,1569,TCIFINANCE,EQ,25725,13195,51.29
20,1570,TCNSBRANDS,EQ,23004,17055,74.14
20,1571,TCPLPACK,EQ,2317,1621,69.96
20,1572,TCS,EQ,1376866,826204,60.01
20,1573,TDPOWERSYS,EQ,20465,17692,86.45
20,1574,TEAMLEASE,EQ,31972,12042,37.66
20,1575,TECHM,EQ,7918861,3135066,39.59
20,1576,TECHNOFAB,EQ,13302,11171,83.98
20,1577,TEJASNET,EQ,228897,169218,73.93
20,1578,TERASOFT,EQ,3303,2956,89.49
20,1579,TEXINFRA,EQ,205310,144827,70.54
20,1580,TEXMOPIPES,EQ,81149,50623,62.38
20,1581,TEXRAIL,EQ,179054,118503,66.18
20,1582,TFCILTD,EQ,144516,120038,83.06
20,1583,TGBHOTELS,EQ,31111,20790,66.83
20,1584,THANGAMAYL,EQ,10479,6627,63.24
20,1585,THEINVEST,EQ,2252,1472,65.36
20,1586,THEJO,SM,2400,2400,100.00
20,1587,THEMISMED,EQ,4901,3586,73.17
20,1588,THERMAX,EQ,434465,376378,86.63
20,1589,THIRUSUGAR,EQ,15092,10074,66.75
20,1590,THOMASCOOK,EQ,3282403,2696071,82.14
20,1591,THYROCARE,EQ,67171,55831,83.12
20,1592,TI,EQ,414910,251174,60.54
20,1593,TIDEWATER,EQ,2098,1322,63.01
20,1594,TIFIN,EQ,18122,13673,75.45
20,1595,TIIL,EQ,4869,3473,71.33
20,1596,TIINDIA,EQ,35885,22449,62.56
20,1597,TIJARIA,EQ,75682,59938,79.20
20,1598,TIL,EQ,8870,6586,74.25
20,1599,TIMETECHNO,EQ,245835,200543,81.58
20,1600,TIMKEN,EQ,15585,10779,69.16
20,1601,TINPLATE,EQ,631760,133064,21.06
20,1602,TIPSINDLTD,EQ,6064,4160,68.60
20,1603,TIRUMALCHM,EQ,557580,236275,42.38
20,1604,TIRUPATI,SM,45000,42000,93.33
20,1605,TIRUPATIFL,SM,8000,4000,50.00
20,1606,TITAN,EQ,2531200,991819,39.18
20,1607,TMRVL,EQ,14678,11356,77.37
20,1608,TNPETRO,EQ,113802,88227,77.53
20,1609,TNPL,EQ,124977,49521,39.62
20,1610,TOKYOPLAST,EQ,2169,1793,82.66
20,1611,TORNTPHARM,EQ,531544,241724,45.48
20,1612,TORNTPOWER,EQ,2668028,916290,34.34
20,1613,TOTAL,SM,3000,3000,100.00
20,1614,TOUCHWOOD,SM,18000,18000,100.00
20,1615,TPLPLASTEH,EQ,5634,4260,75.61
20,1616,TREEHOUSE,EQ,107414,74289,69.16
20,1617,TRENT,EQ,108460,65390,60.29
20,1618,TRF,EQ,71968,32305,44.89
20,1619,TRIDENT,EQ,494365,167707,33.92
20,1620,TRIGYN,EQ,72510,39496,54.47
20,1621,TRIL,EQ,78118,44133,56.50
20,1622,TRITURBINE,EQ,90805,84848,93.44
20,1623,TRIVENI,EQ,201752,99007,49.07
20,1624,TTKHLTCARE,EQ,3088,2091,67.71
20,1625,TTKPRESTIG,EQ,22234,17544,78.91
20,1626,TTL,EQ,16224,8324,51.31
20,1627,TTML,EQ,1669264,1078153,64.59
20,1628,TV18BRDCST,EQ,3127347,685822,21.93
20,1629,TVSELECT,EQ,37565,22346,59.49
20,1630,TVSMOTOR,EQ,2441763,384826,15.76
20,1631,TVSSRICHAK,EQ,2142,1569,73.25
20,1632,TVTODAY,EQ,40793,20726,50.81
20,1633,TWL,EQ,197903,90782,45.87
20,1634,UBL,EQ,779837,96689,12.40
20,1635,UCALFUEL,EQ,18809,10981,58.38
20,1636,UCL,SM,26000,18000,69.23
20,1637,UCOBANK,EQ,402002,124870,31.06
20,1638,UFLEX,EQ,160767,77550,48.24
20,1639,UFO,EQ,9204,8002,86.94
20,1640,UGARSUGAR,EQ,20020,14958,74.72
20,1641,UJAAS,EQ,177291,109020,61.49
20,1642,UJJIVAN,EQ,633685,170387,26.89
20,1643,ULTRACEMCO,EQ,271157,71225,26.27
20,1644,UMANGDAIRY,EQ,19590,16945,86.50
20,1645,UMESLTD,EQ,116,116,100.00
20,1646,UNICHEMLAB,EQ,95473,59645,62.47
20,1647,UNIENTER,EQ,110099,31025,28.18
20,1648,UNIINFO,SM,2000,2000,100.00
20,1649,UNIONBANK,EQ,4870692,569219,11.69
20,1650,UNIPLY,EQ,141912,99428,70.06
20,1651,UNITECH,EQ,13897358,5991054,43.11
20,1652,UNITEDBNK,EQ,248323,199401,80.30
20,1653,UNITEDTEA,EQ,76,38,50.00
20,1654,UNITY,EQ,60147,60120,99.96
20,1655,UNIVCABLES,EQ,474352,186952,39.41
20,1656,UPL,EQ,3668520,859698,23.43
20,1657,URJA,EQ,777969,490716,63.08
20,1658,USHAMART,EQ,1252240,923828,73.77
20,1659,USHERAGRO,EQ,12482,8624,69.09
20,1660,UTIFEFRGR4,MF,22600,22600,100.00
20,1661,UTINEXT50,EQ,2303,1567,68.04
20,1662,UTINIFTETF,EQ,703,703,100.00
20,1663,UTISENSETF,EQ,507,507,100.00
20,1664,UTTAMSTL,EQ,382457,239503,62.62
20,1665,UTTAMSUGAR,EQ,12196,7852,64.38
20,1666,V2RETAIL,EQ,44913,26243,58.43
20,1667,VADILALIND,EQ,1837139,242196,13.18
20,1668,VAIBHAVGBL,EQ,3120,2043,65.48
20,1669,VAKRANGEE,EQ,6035692,2006862,33.25
20,1670,VARDHACRLC,EQ,6456,5760,89.22
20,1671,VARDMNPOLY,EQ,9993,8416,84.22
20,1672,VARROC,EQ,97605,80199,82.17
20,1673,VASCONEQ,EQ,272751,181989,66.72
20,1674,VASWANI,EQ,9511,5004,52.61
20,1675,VBL,EQ,563654,165620,29.38
20,1676,VEDL,EQ,7890862,2895472,36.69
20,1677,VEDL,P1,30315,30314,100.00
20,1678,VENKEYS,EQ,221397,37946,17.14
20,1679,VENUSREM,EQ,38736,11964,30.89
20,1680,VERTOZ,SM,42000,8400,20.00
20,1681,VESUVIUS,EQ,2683,1827,68.10
20,1682,VETO,EQ,14939,7028,47.04
20,1683,VGUARD,EQ,794426,143460,18.06
20,1684,VHL,EQ,973,591,60.74
20,1685,VICEROY,EQ,53957,34785,64.47
20,1686,VIDHIING,EQ,35790,14033,39.21
20,1687,VIJAYABANK,EQ,455170,226295,49.72
20,1688,VIJIFIN,EQ,76036,65686,86.39
20,1689,VIJSHAN,EQ,115036,73923,64.26
20,1690,VIKASECO,EQ,1214872,547356,45.05
20,1691,VIMTALABS,EQ,16695,9986,59.81
20,1692,VINATIORGA,EQ,22775,13098,57.51
20,1693,VINDHYATEL,EQ,8400,5389,64.15
20,1694,VINYLINDIA,EQ,18202,12387,68.05
20,1695,VIPCLOTHNG,EQ,85652,42325,49.42
20,1696,VIPIND,EQ,633533,269859,42.60
20,1697,VIPULLTD,EQ,48903,7291,14.91
20,1698,VISAKAIND,EQ,16605,6942,41.81
20,1699,VISESHINFO,EQ,17019536,13474330,79.17
20,1700,VISHNU,EQ,3534,2382,67.40
20,1701,VIVIDHA,EQ,209907,205045,97.68
20,1702,VIVIMEDLAB,EQ,150047,89423,59.60
20,1703,VLSFINANCE,EQ,41611,24431,58.71
20,1704,VMART,EQ,44955,27326,60.79
20,1705,VOLTAMP,EQ,15228,7084,46.52
20,1706,VOLTAS,EQ,697553,174488,25.01
20,1707,VRLLOG,EQ,38502,19536,50.74
20,1708,VSCL,SM,3000,3000,100.00
20,1709,VSSL,EQ,4167,3237,77.68
20,1710,VSTIND,EQ,1138,873,76.71
20,1711,VSTTILLERS,EQ,24991,24221,96.92
20,1712,VTL,EQ,7278,4708,64.69
20,1713,WABAG,EQ,125252,87711,70.03
20,1714,WABCOINDIA,EQ,2570,1724,67.08
20,1715,WALCHANNAG,EQ,125809,36612,29.10
20,1716,WEBELSOLAR,EQ,63375,30276,47.77
20,1717,WEIZFOREX,EQ,29873,15299,51.21
20,1718,WEIZMANIND,EQ,77683,51338,66.09
20,1719,WELCORP,EQ,2983802,972695,32.60
20,1720,WELENT,EQ,907493,422731,46.58
20,1721,WELINV,EQ,63,63,100.00
20,1722,WELSPUNIND,EQ,1896398,1119159,59.01
20,1723,WENDT,EQ,945,704,74.50
20,1724,WHEELS,EQ,3747,2860,76.33
20,1725,WHIRLPOOL,EQ,23277,13754,59.09
20,1726,WILLAMAGOR,EQ,8587,4438,51.68
20,1727,WINDMACHIN,EQ,194090,50483,26.01
20,1728,WIPRO,EQ,6071109,2790139,45.96
20,1729,WOCKPHARMA,EQ,1663587,216160,12.99
20,1730,WONDERLA,EQ,37420,28783,76.92
20,1731,WORTH,SM,1500,1500,100.00
20,1732,WSTCSTPAPR,EQ,208351,97616,46.85
20,1733,XCHANGING,EQ,8480,3936,46.42
20,1734,XPROINDIA,EQ,3449,2484,72.02
20,1735,YESBANK,EQ,9991245,4117742,41.21
20,1736,ZEEL,EQ,1787518,629652,35.22
20,1737,ZEEL,P2,3714,3714,100.00
20,1738,ZEELEARN,EQ,611212,390555,63.90
20,1739,ZEEMEDIA,EQ,197181,127135,64.48
20,1740,ZENSARTECH,EQ,73317,19411,26.48
20,1741,ZENTEC,EQ,26308,17723,67.37
20,1742,ZICOM,EQ,23414,15956,68.15
20,1743,ZODIAC,SM,4000,2000,50.00
20,1744,ZODIACLOTH,EQ,2602,2081,79.98
20,1745,ZODJRDMKJ,EQ,3733,1685,45.14
20,1746,ZOTA,SM,27000,6500,24.07
20,1747,ZUARI,EQ,386925,95854,24.77
20,1748,ZUARIGLOB,EQ,642134,231560,36.06
20,1749,ZYDUSWELL,EQ,2905,2112,72.70
